pattern_id,session_id,keystroke_data,speed_wpm,error_rate
1,1,"{""avg_hold_time"": 0.1867, ""avg_latency_time"": 0.2137}",344.86,4.44
2,1,"{""avg_hold_time"": 0.1535, ""avg_latency_time"": 0.2897}",291.4,1.24
3,1,"{""avg_hold_time"": 0.1868, ""avg_latency_time"": 0.3584}",320.72,2.86
4,1,"{""avg_hold_time"": 0.1087, ""avg_latency_time"": 0.3839}",247.29,2.52
5,1,"{""avg_hold_time"": 0.1908, ""avg_latency_time"": 0.2387}",273.64,0.5
6,1,"{""avg_hold_time"": 0.1247, ""avg_latency_time"": 0.3056}",317.93,2.11
7,1,"{""avg_hold_time"": 0.1043, ""avg_latency_time"": 0.5417}",245.78,2.79
8,1,"{""avg_hold_time"": 0.144, ""avg_latency_time"": 0.4746}",320.57,2.57
9,1,"{""avg_hold_time"": 0.1344, ""avg_latency_time"": 0.4044}",218.84,4.13
10,1,"{""avg_hold_time"": 0.1148, ""avg_latency_time"": 0.4622}",199.15,4.34
11,2,"{""avg_hold_time"": 0.1558, ""avg_latency_time"": 0.5411}",194.17,2.42
12,2,"{""avg_hold_time"": 0.1685, ""avg_latency_time"": 0.3946}",270.56,3.2
13,2,"{""avg_hold_time"": 0.1323, ""avg_latency_time"": 0.4336}",290.6,3.82
14,2,"{""avg_hold_time"": 0.1074, ""avg_latency_time"": 0.408}",227.96,1.11
15,2,"{""avg_hold_time"": 0.1863, ""avg_latency_time"": 0.5312}",246.08,3.0
16,2,"{""avg_hold_time"": 0.1896, ""avg_latency_time"": 0.3858}",190.7,4.79
17,2,"{""avg_hold_time"": 0.1066, ""avg_latency_time"": 0.3245}",311.42,4.02
18,2,"{""avg_hold_time"": 0.127, ""avg_latency_time"": 0.2822}",259.5,3.4
19,2,"{""avg_hold_time"": 0.1643, ""avg_latency_time"": 0.2776}",207.27,1.54
20,2,"{""avg_hold_time"": 0.1538, ""avg_latency_time"": 0.5043}",337.2,2.99
21,3,"{""avg_hold_time"": 0.1709, ""avg_latency_time"": 0.3563}",217.53,2.26
22,3,"{""avg_hold_time"": 0.1102, ""avg_latency_time"": 0.4236}",309.13,3.18
23,3,"{""avg_hold_time"": 0.1274, ""avg_latency_time"": 0.3461}",347.04,3.13
24,3,"{""avg_hold_time"": 0.1217, ""avg_latency_time"": 0.4849}",245.17,1.92
25,3,"{""avg_hold_time"": 0.1698, ""avg_latency_time"": 0.2583}",240.45,4.45
26,3,"{""avg_hold_time"": 0.1238, ""avg_latency_time"": 0.2608}",284.8,0.17
27,3,"{""avg_hold_time"": 0.1101, ""avg_latency_time"": 0.5738}",188.1,0.9
28,3,"{""avg_hold_time"": 0.0996, ""avg_latency_time"": 0.3991}",277.36,0.59
29,3,"{""avg_hold_time"": 0.1147, ""avg_latency_time"": 0.314}",301.72,1.22
30,3,"{""avg_hold_time"": 0.1098, ""avg_latency_time"": 0.3046}",336.74,4.28
31,4,"{""avg_hold_time"": 0.1218, ""avg_latency_time"": 0.5523}",296.72,4.64
32,4,"{""avg_hold_time"": 0.1697, ""avg_latency_time"": 0.2904}",284.77,1.69
33,4,"{""avg_hold_time"": 0.1302, ""avg_latency_time"": 0.4349}",231.95,2.89
34,4,"{""avg_hold_time"": 0.1383, ""avg_latency_time"": 0.4014}",246.36,1.16
35,4,"{""avg_hold_time"": 0.1701, ""avg_latency_time"": 0.4335}",240.13,4.21
36,4,"{""avg_hold_time"": 0.1231, ""avg_latency_time"": 0.4468}",288.65,4.95
37,4,"{""avg_hold_time"": 0.167, ""avg_latency_time"": 0.5932}",286.94,4.56
38,4,"{""avg_hold_time"": 0.1131, ""avg_latency_time"": 0.335}",322.5,2.63
39,4,"{""avg_hold_time"": 0.0919, ""avg_latency_time"": 0.3245}",261.04,1.0
40,4,"{""avg_hold_time"": 0.1913, ""avg_latency_time"": 0.35}",336.27,2.31
41,5,"{""avg_hold_time"": 0.1588, ""avg_latency_time"": 0.26}",310.84,3.51
42,5,"{""avg_hold_time"": 0.112, ""avg_latency_time"": 0.4239}",297.46,1.78
43,5,"{""avg_hold_time"": 0.1628, ""avg_latency_time"": 0.3679}",320.87,2.83
44,5,"{""avg_hold_time"": 0.1473, ""avg_latency_time"": 0.5298}",198.71,3.85
45,5,"{""avg_hold_time"": 0.1549, ""avg_latency_time"": 0.5684}",346.28,1.54
46,5,"{""avg_hold_time"": 0.0973, ""avg_latency_time"": 0.494}",246.18,4.62
47,5,"{""avg_hold_time"": 0.1724, ""avg_latency_time"": 0.3385}",338.59,1.45
48,5,"{""avg_hold_time"": 0.1927, ""avg_latency_time"": 0.2414}",307.57,4.94
49,5,"{""avg_hold_time"": 0.1616, ""avg_latency_time"": 0.5684}",294.11,0.41
50,5,"{""avg_hold_time"": 0.1574, ""avg_latency_time"": 0.5032}",181.08,1.23
51,6,"{""avg_hold_time"": 0.0927, ""avg_latency_time"": 0.2995}",254.3,1.5
52,6,"{""avg_hold_time"": 0.1163, ""avg_latency_time"": 0.5836}",235.07,0.98
53,6,"{""avg_hold_time"": 0.0885, ""avg_latency_time"": 0.2796}",184.28,2.94
54,6,"{""avg_hold_time"": 0.149, ""avg_latency_time"": 0.3171}",260.42,1.06
55,6,"{""avg_hold_time"": 0.0828, ""avg_latency_time"": 0.4449}",196.46,4.43
56,6,"{""avg_hold_time"": 0.0806, ""avg_latency_time"": 0.542}",241.32,0.2
57,6,"{""avg_hold_time"": 0.0859, ""avg_latency_time"": 0.4991}",348.97,3.41
58,6,"{""avg_hold_time"": 0.0912, ""avg_latency_time"": 0.5545}",182.65,3.61
59,6,"{""avg_hold_time"": 0.1049, ""avg_latency_time"": 0.3561}",309.06,2.34
60,6,"{""avg_hold_time"": 0.1858, ""avg_latency_time"": 0.4092}",327.49,4.52
61,7,"{""avg_hold_time"": 0.176, ""avg_latency_time"": 0.3856}",180.32,0.32
62,7,"{""avg_hold_time"": 0.1361, ""avg_latency_time"": 0.2225}",335.22,3.61
63,7,"{""avg_hold_time"": 0.1191, ""avg_latency_time"": 0.2153}",289.68,1.09
64,7,"{""avg_hold_time"": 0.0926, ""avg_latency_time"": 0.4207}",233.83,1.76
65,7,"{""avg_hold_time"": 0.1335, ""avg_latency_time"": 0.2951}",266.35,2.46
66,7,"{""avg_hold_time"": 0.1602, ""avg_latency_time"": 0.5395}",202.99,1.46
67,7,"{""avg_hold_time"": 0.1005, ""avg_latency_time"": 0.5438}",268.29,0.23
68,7,"{""avg_hold_time"": 0.1809, ""avg_latency_time"": 0.2685}",219.94,3.04
69,7,"{""avg_hold_time"": 0.1668, ""avg_latency_time"": 0.4932}",323.12,4.81
70,7,"{""avg_hold_time"": 0.111, ""avg_latency_time"": 0.4867}",285.55,1.12
71,8,"{""avg_hold_time"": 0.1134, ""avg_latency_time"": 0.4062}",330.62,2.15
72,8,"{""avg_hold_time"": 0.1515, ""avg_latency_time"": 0.37}",211.16,0.65
73,8,"{""avg_hold_time"": 0.1905, ""avg_latency_time"": 0.3691}",230.31,2.48
74,8,"{""avg_hold_time"": 0.0816, ""avg_latency_time"": 0.4843}",324.59,0.69
75,8,"{""avg_hold_time"": 0.121, ""avg_latency_time"": 0.3862}",333.46,2.44
76,8,"{""avg_hold_time"": 0.1323, ""avg_latency_time"": 0.2974}",244.78,0.57
77,8,"{""avg_hold_time"": 0.183, ""avg_latency_time"": 0.3969}",326.57,4.19
78,8,"{""avg_hold_time"": 0.1043, ""avg_latency_time"": 0.3608}",314.66,3.67
79,8,"{""avg_hold_time"": 0.1394, ""avg_latency_time"": 0.3429}",256.44,0.49
80,8,"{""avg_hold_time"": 0.0808, ""avg_latency_time"": 0.4934}",320.1,2.86
81,9,"{""avg_hold_time"": 0.0947, ""avg_latency_time"": 0.3245}",275.59,1.03
82,9,"{""avg_hold_time"": 0.1398, ""avg_latency_time"": 0.3191}",267.77,0.59
83,9,"{""avg_hold_time"": 0.1424, ""avg_latency_time"": 0.2696}",295.57,3.31
84,9,"{""avg_hold_time"": 0.1565, ""avg_latency_time"": 0.4182}",277.11,0.94
85,9,"{""avg_hold_time"": 0.1689, ""avg_latency_time"": 0.2191}",288.0,2.84
86,9,"{""avg_hold_time"": 0.1965, ""avg_latency_time"": 0.5092}",306.86,2.68
87,9,"{""avg_hold_time"": 0.1307, ""avg_latency_time"": 0.2836}",211.23,3.28
88,9,"{""avg_hold_time"": 0.1484, ""avg_latency_time"": 0.5569}",320.76,1.43
89,9,"{""avg_hold_time"": 0.1539, ""avg_latency_time"": 0.5838}",334.67,0.32
90,9,"{""avg_hold_time"": 0.0862, ""avg_latency_time"": 0.5053}",294.29,0.73
91,10,"{""avg_hold_time"": 0.1258, ""avg_latency_time"": 0.2306}",255.98,0.31
92,10,"{""avg_hold_time"": 0.1892, ""avg_latency_time"": 0.5606}",246.15,4.24
93,10,"{""avg_hold_time"": 0.0825, ""avg_latency_time"": 0.5265}",280.41,4.73
94,10,"{""avg_hold_time"": 0.1417, ""avg_latency_time"": 0.2689}",285.94,3.15
95,10,"{""avg_hold_time"": 0.1592, ""avg_latency_time"": 0.3655}",304.7,1.22
96,10,"{""avg_hold_time"": 0.0969, ""avg_latency_time"": 0.2417}",211.98,2.0
97,10,"{""avg_hold_time"": 0.1682, ""avg_latency_time"": 0.5649}",321.1,1.59
98,10,"{""avg_hold_time"": 0.171, ""avg_latency_time"": 0.2782}",211.55,4.4
99,10,"{""avg_hold_time"": 0.1936, ""avg_latency_time"": 0.5248}",319.03,1.21
100,10,"{""avg_hold_time"": 0.1792, ""avg_latency_time"": 0.3987}",208.22,4.7
101,11,"{""avg_hold_time"": 0.083, ""avg_latency_time"": 0.419}",196.8,1.52
102,11,"{""avg_hold_time"": 0.1532, ""avg_latency_time"": 0.5606}",198.8,0.59
103,11,"{""avg_hold_time"": 0.1309, ""avg_latency_time"": 0.5561}",241.85,3.87
104,11,"{""avg_hold_time"": 0.1707, ""avg_latency_time"": 0.3665}",296.25,3.28
105,11,"{""avg_hold_time"": 0.1712, ""avg_latency_time"": 0.2053}",204.88,0.63
106,11,"{""avg_hold_time"": 0.0892, ""avg_latency_time"": 0.4511}",203.35,0.38
107,11,"{""avg_hold_time"": 0.0813, ""avg_latency_time"": 0.459}",238.88,1.76
108,11,"{""avg_hold_time"": 0.1437, ""avg_latency_time"": 0.552}",321.24,3.81
109,11,"{""avg_hold_time"": 0.1574, ""avg_latency_time"": 0.3933}",211.8,2.32
110,11,"{""avg_hold_time"": 0.1968, ""avg_latency_time"": 0.4262}",210.77,4.29
111,12,"{""avg_hold_time"": 0.1296, ""avg_latency_time"": 0.4701}",230.26,2.84
112,12,"{""avg_hold_time"": 0.0977, ""avg_latency_time"": 0.5219}",292.85,3.9
113,12,"{""avg_hold_time"": 0.139, ""avg_latency_time"": 0.2605}",260.98,1.85
114,12,"{""avg_hold_time"": 0.1193, ""avg_latency_time"": 0.5824}",244.23,1.57
115,12,"{""avg_hold_time"": 0.1922, ""avg_latency_time"": 0.4155}",253.16,2.38
116,12,"{""avg_hold_time"": 0.1138, ""avg_latency_time"": 0.488}",345.89,0.97
117,12,"{""avg_hold_time"": 0.1528, ""avg_latency_time"": 0.3317}",259.13,4.42
118,12,"{""avg_hold_time"": 0.1463, ""avg_latency_time"": 0.4764}",286.1,3.14
119,12,"{""avg_hold_time"": 0.16, ""avg_latency_time"": 0.4322}",282.0,3.64
120,12,"{""avg_hold_time"": 0.1864, ""avg_latency_time"": 0.5256}",252.16,0.98
121,13,"{""avg_hold_time"": 0.1474, ""avg_latency_time"": 0.2752}",206.95,0.23
122,13,"{""avg_hold_time"": 0.1461, ""avg_latency_time"": 0.4173}",212.32,1.04
123,13,"{""avg_hold_time"": 0.1873, ""avg_latency_time"": 0.3624}",281.54,4.26
124,13,"{""avg_hold_time"": 0.1746, ""avg_latency_time"": 0.4629}",248.33,0.55
125,13,"{""avg_hold_time"": 0.1271, ""avg_latency_time"": 0.2296}",208.4,0.81
126,13,"{""avg_hold_time"": 0.1803, ""avg_latency_time"": 0.3523}",296.04,2.03
127,13,"{""avg_hold_time"": 0.1433, ""avg_latency_time"": 0.3123}",275.06,1.88
128,13,"{""avg_hold_time"": 0.1063, ""avg_latency_time"": 0.2458}",253.77,3.2
129,13,"{""avg_hold_time"": 0.1447, ""avg_latency_time"": 0.4802}",263.98,0.17
130,13,"{""avg_hold_time"": 0.1602, ""avg_latency_time"": 0.4489}",245.15,4.66
131,14,"{""avg_hold_time"": 0.1746, ""avg_latency_time"": 0.521}",240.05,1.89
132,14,"{""avg_hold_time"": 0.0891, ""avg_latency_time"": 0.272}",189.88,4.56
133,14,"{""avg_hold_time"": 0.1089, ""avg_latency_time"": 0.5358}",221.92,3.59
134,14,"{""avg_hold_time"": 0.131, ""avg_latency_time"": 0.5738}",186.72,1.72
135,14,"{""avg_hold_time"": 0.1466, ""avg_latency_time"": 0.2349}",293.96,4.91
136,14,"{""avg_hold_time"": 0.1687, ""avg_latency_time"": 0.438}",339.37,3.94
137,14,"{""avg_hold_time"": 0.1741, ""avg_latency_time"": 0.4542}",252.1,4.53
138,14,"{""avg_hold_time"": 0.1756, ""avg_latency_time"": 0.5806}",349.83,2.23
139,14,"{""avg_hold_time"": 0.0813, ""avg_latency_time"": 0.3414}",204.76,1.97
140,14,"{""avg_hold_time"": 0.1233, ""avg_latency_time"": 0.2839}",187.66,3.88
141,15,"{""avg_hold_time"": 0.123, ""avg_latency_time"": 0.4003}",247.09,1.08
142,15,"{""avg_hold_time"": 0.1417, ""avg_latency_time"": 0.3834}",219.02,4.76
143,15,"{""avg_hold_time"": 0.1973, ""avg_latency_time"": 0.4647}",284.22,4.35
144,15,"{""avg_hold_time"": 0.1016, ""avg_latency_time"": 0.2571}",263.3,1.9
145,15,"{""avg_hold_time"": 0.1317, ""avg_latency_time"": 0.4727}",260.23,2.85
146,15,"{""avg_hold_time"": 0.1911, ""avg_latency_time"": 0.517}",262.33,4.41
147,15,"{""avg_hold_time"": 0.1233, ""avg_latency_time"": 0.4661}",223.74,4.04
148,15,"{""avg_hold_time"": 0.1913, ""avg_latency_time"": 0.3788}",253.4,2.87
149,15,"{""avg_hold_time"": 0.1859, ""avg_latency_time"": 0.5595}",340.02,0.38
150,15,"{""avg_hold_time"": 0.1624, ""avg_latency_time"": 0.5393}",256.01,1.18
151,16,"{""avg_hold_time"": 0.1732, ""avg_latency_time"": 0.2442}",281.37,1.08
152,16,"{""avg_hold_time"": 0.0809, ""avg_latency_time"": 0.465}",307.85,3.33
153,16,"{""avg_hold_time"": 0.1956, ""avg_latency_time"": 0.5154}",266.42,0.2
154,16,"{""avg_hold_time"": 0.0976, ""avg_latency_time"": 0.2338}",338.96,1.85
155,16,"{""avg_hold_time"": 0.1054, ""avg_latency_time"": 0.2033}",327.65,1.19
156,16,"{""avg_hold_time"": 0.1182, ""avg_latency_time"": 0.203}",197.56,4.58
157,16,"{""avg_hold_time"": 0.0984, ""avg_latency_time"": 0.2798}",326.87,2.05
158,16,"{""avg_hold_time"": 0.0946, ""avg_latency_time"": 0.3546}",262.98,0.0
159,16,"{""avg_hold_time"": 0.1743, ""avg_latency_time"": 0.5003}",331.56,3.24
160,16,"{""avg_hold_time"": 0.1032, ""avg_latency_time"": 0.2616}",234.98,1.26
161,17,"{""avg_hold_time"": 0.1758, ""avg_latency_time"": 0.3024}",279.93,3.07
162,17,"{""avg_hold_time"": 0.1769, ""avg_latency_time"": 0.5296}",348.48,4.4
163,17,"{""avg_hold_time"": 0.1561, ""avg_latency_time"": 0.3308}",332.04,1.3
164,17,"{""avg_hold_time"": 0.1773, ""avg_latency_time"": 0.3575}",295.5,2.5
165,17,"{""avg_hold_time"": 0.1282, ""avg_latency_time"": 0.3871}",235.1,0.59
166,17,"{""avg_hold_time"": 0.111, ""avg_latency_time"": 0.3024}",292.55,0.58
167,17,"{""avg_hold_time"": 0.142, ""avg_latency_time"": 0.3024}",191.9,3.58
168,17,"{""avg_hold_time"": 0.1425, ""avg_latency_time"": 0.4432}",293.02,4.84
169,17,"{""avg_hold_time"": 0.1202, ""avg_latency_time"": 0.2647}",226.74,4.85
170,17,"{""avg_hold_time"": 0.1877, ""avg_latency_time"": 0.3245}",248.19,4.73
171,18,"{""avg_hold_time"": 0.1971, ""avg_latency_time"": 0.3446}",285.66,3.86
172,18,"{""avg_hold_time"": 0.1426, ""avg_latency_time"": 0.3492}",200.84,1.86
173,18,"{""avg_hold_time"": 0.1904, ""avg_latency_time"": 0.3704}",294.06,4.87
174,18,"{""avg_hold_time"": 0.1262, ""avg_latency_time"": 0.5159}",286.93,0.91
175,18,"{""avg_hold_time"": 0.1129, ""avg_latency_time"": 0.5956}",237.66,2.57
176,18,"{""avg_hold_time"": 0.1454, ""avg_latency_time"": 0.481}",298.4,1.68
177,18,"{""avg_hold_time"": 0.1638, ""avg_latency_time"": 0.4383}",238.2,1.51
178,18,"{""avg_hold_time"": 0.101, ""avg_latency_time"": 0.3274}",249.39,0.66
179,18,"{""avg_hold_time"": 0.1869, ""avg_latency_time"": 0.5811}",233.19,1.24
180,18,"{""avg_hold_time"": 0.1607, ""avg_latency_time"": 0.3183}",338.84,4.01
181,19,"{""avg_hold_time"": 0.1229, ""avg_latency_time"": 0.5144}",213.65,0.7
182,19,"{""avg_hold_time"": 0.0846, ""avg_latency_time"": 0.4657}",182.83,0.08
183,19,"{""avg_hold_time"": 0.1019, ""avg_latency_time"": 0.3502}",321.62,3.14
184,19,"{""avg_hold_time"": 0.1368, ""avg_latency_time"": 0.4302}",347.67,4.52
185,19,"{""avg_hold_time"": 0.0885, ""avg_latency_time"": 0.2216}",181.51,0.78
186,19,"{""avg_hold_time"": 0.1778, ""avg_latency_time"": 0.2554}",191.9,0.56
187,19,"{""avg_hold_time"": 0.1951, ""avg_latency_time"": 0.3626}",341.47,3.76
188,19,"{""avg_hold_time"": 0.1406, ""avg_latency_time"": 0.3697}",197.86,4.34
189,19,"{""avg_hold_time"": 0.1826, ""avg_latency_time"": 0.25}",237.75,3.56
190,19,"{""avg_hold_time"": 0.1059, ""avg_latency_time"": 0.479}",270.16,0.13
191,20,"{""avg_hold_time"": 0.1086, ""avg_latency_time"": 0.5624}",239.58,2.01
192,20,"{""avg_hold_time"": 0.1638, ""avg_latency_time"": 0.296}",298.62,1.35
193,20,"{""avg_hold_time"": 0.1602, ""avg_latency_time"": 0.451}",251.42,0.54
194,20,"{""avg_hold_time"": 0.1105, ""avg_latency_time"": 0.4987}",277.98,3.04
195,20,"{""avg_hold_time"": 0.1437, ""avg_latency_time"": 0.4125}",277.34,4.73
196,20,"{""avg_hold_time"": 0.1141, ""avg_latency_time"": 0.5671}",309.08,3.79
197,20,"{""avg_hold_time"": 0.1042, ""avg_latency_time"": 0.4328}",333.37,2.71
198,20,"{""avg_hold_time"": 0.1993, ""avg_latency_time"": 0.4392}",326.16,2.44
199,20,"{""avg_hold_time"": 0.1879, ""avg_latency_time"": 0.2793}",242.77,0.34
200,20,"{""avg_hold_time"": 0.0941, ""avg_latency_time"": 0.4472}",324.5,3.82
201,21,"{""avg_hold_time"": 0.1878, ""avg_latency_time"": 0.3681}",218.73,1.02
202,21,"{""avg_hold_time"": 0.1723, ""avg_latency_time"": 0.4943}",258.92,1.1
203,21,"{""avg_hold_time"": 0.0829, ""avg_latency_time"": 0.2204}",204.48,0.13
204,21,"{""avg_hold_time"": 0.1035, ""avg_latency_time"": 0.4538}",209.46,0.84
205,21,"{""avg_hold_time"": 0.1451, ""avg_latency_time"": 0.2111}",221.04,4.68
206,21,"{""avg_hold_time"": 0.1222, ""avg_latency_time"": 0.2077}",349.17,1.36
207,21,"{""avg_hold_time"": 0.1463, ""avg_latency_time"": 0.5635}",346.39,1.94
208,21,"{""avg_hold_time"": 0.1422, ""avg_latency_time"": 0.3367}",345.24,3.97
209,21,"{""avg_hold_time"": 0.134, ""avg_latency_time"": 0.4912}",208.36,2.07
210,21,"{""avg_hold_time"": 0.0823, ""avg_latency_time"": 0.4289}",309.22,2.23
211,22,"{""avg_hold_time"": 0.1476, ""avg_latency_time"": 0.5219}",291.52,4.8
212,22,"{""avg_hold_time"": 0.1929, ""avg_latency_time"": 0.345}",310.4,2.65
213,22,"{""avg_hold_time"": 0.1043, ""avg_latency_time"": 0.3743}",195.33,1.92
214,22,"{""avg_hold_time"": 0.0885, ""avg_latency_time"": 0.4737}",202.93,3.4
215,22,"{""avg_hold_time"": 0.0836, ""avg_latency_time"": 0.3567}",263.04,0.51
216,22,"{""avg_hold_time"": 0.1108, ""avg_latency_time"": 0.534}",298.8,0.26
217,22,"{""avg_hold_time"": 0.1058, ""avg_latency_time"": 0.4268}",254.5,0.6
218,22,"{""avg_hold_time"": 0.1074, ""avg_latency_time"": 0.3453}",197.26,2.33
219,22,"{""avg_hold_time"": 0.1106, ""avg_latency_time"": 0.2186}",316.64,0.02
220,22,"{""avg_hold_time"": 0.1569, ""avg_latency_time"": 0.4168}",210.63,0.12
221,23,"{""avg_hold_time"": 0.1518, ""avg_latency_time"": 0.3011}",284.16,1.67
222,23,"{""avg_hold_time"": 0.1188, ""avg_latency_time"": 0.2929}",278.34,1.39
223,23,"{""avg_hold_time"": 0.192, ""avg_latency_time"": 0.4094}",297.4,1.89
224,23,"{""avg_hold_time"": 0.1326, ""avg_latency_time"": 0.4912}",294.72,0.39
225,23,"{""avg_hold_time"": 0.18, ""avg_latency_time"": 0.369}",316.95,2.91
226,23,"{""avg_hold_time"": 0.1007, ""avg_latency_time"": 0.5723}",239.45,0.94
227,23,"{""avg_hold_time"": 0.1935, ""avg_latency_time"": 0.293}",222.02,0.01
228,23,"{""avg_hold_time"": 0.1316, ""avg_latency_time"": 0.493}",228.51,1.64
229,23,"{""avg_hold_time"": 0.0894, ""avg_latency_time"": 0.2975}",227.93,2.11
230,23,"{""avg_hold_time"": 0.0953, ""avg_latency_time"": 0.5919}",251.69,2.46
231,24,"{""avg_hold_time"": 0.1295, ""avg_latency_time"": 0.4632}",219.29,2.67
232,24,"{""avg_hold_time"": 0.1332, ""avg_latency_time"": 0.4235}",327.35,4.39
233,24,"{""avg_hold_time"": 0.146, ""avg_latency_time"": 0.4054}",284.2,3.33
234,24,"{""avg_hold_time"": 0.1968, ""avg_latency_time"": 0.5801}",190.5,3.71
235,24,"{""avg_hold_time"": 0.136, ""avg_latency_time"": 0.3757}",254.84,3.61
236,24,"{""avg_hold_time"": 0.1927, ""avg_latency_time"": 0.5575}",220.06,1.9
237,24,"{""avg_hold_time"": 0.0882, ""avg_latency_time"": 0.414}",265.32,1.18
238,24,"{""avg_hold_time"": 0.1943, ""avg_latency_time"": 0.5483}",244.19,1.46
239,24,"{""avg_hold_time"": 0.0848, ""avg_latency_time"": 0.4289}",236.5,2.26
240,24,"{""avg_hold_time"": 0.1565, ""avg_latency_time"": 0.3769}",297.14,0.64
241,25,"{""avg_hold_time"": 0.095, ""avg_latency_time"": 0.4053}",248.18,3.46
242,25,"{""avg_hold_time"": 0.1983, ""avg_latency_time"": 0.292}",264.01,2.46
243,25,"{""avg_hold_time"": 0.1443, ""avg_latency_time"": 0.2893}",260.33,3.43
244,25,"{""avg_hold_time"": 0.1018, ""avg_latency_time"": 0.5688}",191.56,3.16
245,25,"{""avg_hold_time"": 0.1416, ""avg_latency_time"": 0.2548}",253.24,1.25
246,25,"{""avg_hold_time"": 0.1541, ""avg_latency_time"": 0.4567}",264.76,1.71
247,25,"{""avg_hold_time"": 0.1781, ""avg_latency_time"": 0.4594}",200.1,0.13
248,25,"{""avg_hold_time"": 0.0836, ""avg_latency_time"": 0.3953}",192.51,3.06
249,25,"{""avg_hold_time"": 0.1106, ""avg_latency_time"": 0.2133}",314.94,1.36
250,25,"{""avg_hold_time"": 0.186, ""avg_latency_time"": 0.5343}",303.49,1.28
251,26,"{""avg_hold_time"": 0.1874, ""avg_latency_time"": 0.5646}",276.6,1.32
252,26,"{""avg_hold_time"": 0.1878, ""avg_latency_time"": 0.3101}",193.02,2.34
253,26,"{""avg_hold_time"": 0.083, ""avg_latency_time"": 0.3118}",204.8,0.5
254,26,"{""avg_hold_time"": 0.1568, ""avg_latency_time"": 0.3294}",257.49,4.06
255,26,"{""avg_hold_time"": 0.0958, ""avg_latency_time"": 0.5683}",250.45,1.48
256,26,"{""avg_hold_time"": 0.1625, ""avg_latency_time"": 0.294}",229.22,0.3
257,26,"{""avg_hold_time"": 0.1217, ""avg_latency_time"": 0.4754}",223.37,0.96
258,26,"{""avg_hold_time"": 0.1701, ""avg_latency_time"": 0.293}",253.97,4.03
259,26,"{""avg_hold_time"": 0.152, ""avg_latency_time"": 0.437}",214.74,4.8
260,26,"{""avg_hold_time"": 0.0909, ""avg_latency_time"": 0.3998}",275.32,0.5
261,27,"{""avg_hold_time"": 0.1567, ""avg_latency_time"": 0.3981}",217.75,4.82
262,27,"{""avg_hold_time"": 0.1333, ""avg_latency_time"": 0.2521}",241.29,3.82
263,27,"{""avg_hold_time"": 0.1888, ""avg_latency_time"": 0.223}",254.22,4.39
264,27,"{""avg_hold_time"": 0.1972, ""avg_latency_time"": 0.4458}",316.14,4.37
265,27,"{""avg_hold_time"": 0.162, ""avg_latency_time"": 0.5703}",256.14,3.59
266,27,"{""avg_hold_time"": 0.1611, ""avg_latency_time"": 0.2732}",275.71,0.58
267,27,"{""avg_hold_time"": 0.1715, ""avg_latency_time"": 0.4384}",333.17,4.02
268,27,"{""avg_hold_time"": 0.1987, ""avg_latency_time"": 0.376}",338.53,1.36
269,27,"{""avg_hold_time"": 0.1189, ""avg_latency_time"": 0.2427}",192.29,4.05
270,27,"{""avg_hold_time"": 0.1669, ""avg_latency_time"": 0.3107}",256.0,3.85
271,28,"{""avg_hold_time"": 0.1819, ""avg_latency_time"": 0.4818}",298.2,0.59
272,28,"{""avg_hold_time"": 0.1494, ""avg_latency_time"": 0.2366}",312.8,4.18
273,28,"{""avg_hold_time"": 0.1493, ""avg_latency_time"": 0.5597}",202.07,4.22
274,28,"{""avg_hold_time"": 0.0884, ""avg_latency_time"": 0.3731}",300.71,3.76
275,28,"{""avg_hold_time"": 0.1054, ""avg_latency_time"": 0.5197}",218.57,1.19
276,28,"{""avg_hold_time"": 0.1521, ""avg_latency_time"": 0.2177}",341.95,4.35
277,28,"{""avg_hold_time"": 0.1174, ""avg_latency_time"": 0.4628}",330.98,1.66
278,28,"{""avg_hold_time"": 0.0909, ""avg_latency_time"": 0.2298}",311.81,4.72
279,28,"{""avg_hold_time"": 0.1524, ""avg_latency_time"": 0.2035}",209.47,4.11
280,28,"{""avg_hold_time"": 0.1536, ""avg_latency_time"": 0.2536}",287.38,1.52
281,29,"{""avg_hold_time"": 0.1943, ""avg_latency_time"": 0.2296}",181.55,1.01
282,29,"{""avg_hold_time"": 0.0945, ""avg_latency_time"": 0.2911}",319.22,0.53
283,29,"{""avg_hold_time"": 0.163, ""avg_latency_time"": 0.5848}",225.65,2.31
284,29,"{""avg_hold_time"": 0.1677, ""avg_latency_time"": 0.5343}",335.4,1.14
285,29,"{""avg_hold_time"": 0.1712, ""avg_latency_time"": 0.5206}",185.62,1.12
286,29,"{""avg_hold_time"": 0.14, ""avg_latency_time"": 0.5364}",342.04,1.07
287,29,"{""avg_hold_time"": 0.1041, ""avg_latency_time"": 0.3279}",310.05,3.81
288,29,"{""avg_hold_time"": 0.1085, ""avg_latency_time"": 0.3569}",215.31,4.3
289,29,"{""avg_hold_time"": 0.1296, ""avg_latency_time"": 0.3297}",198.08,2.73
290,29,"{""avg_hold_time"": 0.1819, ""avg_latency_time"": 0.5523}",304.71,4.68
291,30,"{""avg_hold_time"": 0.1838, ""avg_latency_time"": 0.4014}",299.76,1.18
292,30,"{""avg_hold_time"": 0.1928, ""avg_latency_time"": 0.504}",203.25,3.12
293,30,"{""avg_hold_time"": 0.1052, ""avg_latency_time"": 0.2495}",259.95,3.58
294,30,"{""avg_hold_time"": 0.1854, ""avg_latency_time"": 0.4329}",278.03,4.11
295,30,"{""avg_hold_time"": 0.118, ""avg_latency_time"": 0.2574}",227.31,3.76
296,30,"{""avg_hold_time"": 0.0976, ""avg_latency_time"": 0.3939}",345.72,0.32
297,30,"{""avg_hold_time"": 0.1245, ""avg_latency_time"": 0.528}",220.67,2.96
298,30,"{""avg_hold_time"": 0.1316, ""avg_latency_time"": 0.5494}",226.53,2.33
299,30,"{""avg_hold_time"": 0.1479, ""avg_latency_time"": 0.2282}",196.2,0.67
300,30,"{""avg_hold_time"": 0.1154, ""avg_latency_time"": 0.5858}",252.07,0.45
301,31,"{""avg_hold_time"": 0.1248, ""avg_latency_time"": 0.4441}",305.91,0.76
302,31,"{""avg_hold_time"": 0.1153, ""avg_latency_time"": 0.2174}",287.83,3.92
303,31,"{""avg_hold_time"": 0.1545, ""avg_latency_time"": 0.2084}",277.27,1.91
304,31,"{""avg_hold_time"": 0.1738, ""avg_latency_time"": 0.3922}",282.89,2.88
305,31,"{""avg_hold_time"": 0.1479, ""avg_latency_time"": 0.3297}",193.91,4.58
306,31,"{""avg_hold_time"": 0.1499, ""avg_latency_time"": 0.5291}",181.97,1.38
307,31,"{""avg_hold_time"": 0.1938, ""avg_latency_time"": 0.3815}",264.21,3.61
308,31,"{""avg_hold_time"": 0.1115, ""avg_latency_time"": 0.3783}",280.86,4.8
309,31,"{""avg_hold_time"": 0.1535, ""avg_latency_time"": 0.2466}",239.9,4.35
310,31,"{""avg_hold_time"": 0.1164, ""avg_latency_time"": 0.2424}",285.76,3.75
311,32,"{""avg_hold_time"": 0.159, ""avg_latency_time"": 0.2666}",283.67,3.99
312,32,"{""avg_hold_time"": 0.1835, ""avg_latency_time"": 0.5672}",217.2,3.86
313,32,"{""avg_hold_time"": 0.1118, ""avg_latency_time"": 0.4556}",192.91,2.49
314,32,"{""avg_hold_time"": 0.1945, ""avg_latency_time"": 0.2762}",338.18,0.9
315,32,"{""avg_hold_time"": 0.0928, ""avg_latency_time"": 0.5429}",199.46,3.33
316,32,"{""avg_hold_time"": 0.154, ""avg_latency_time"": 0.5329}",268.63,2.41
317,32,"{""avg_hold_time"": 0.1879, ""avg_latency_time"": 0.4796}",304.14,3.21
318,32,"{""avg_hold_time"": 0.1254, ""avg_latency_time"": 0.5749}",310.14,0.94
319,32,"{""avg_hold_time"": 0.1519, ""avg_latency_time"": 0.2063}",251.59,4.48
320,32,"{""avg_hold_time"": 0.1101, ""avg_latency_time"": 0.4037}",290.7,2.18
321,33,"{""avg_hold_time"": 0.122, ""avg_latency_time"": 0.2348}",183.45,1.94
322,33,"{""avg_hold_time"": 0.1398, ""avg_latency_time"": 0.3304}",322.3,0.01
323,33,"{""avg_hold_time"": 0.1898, ""avg_latency_time"": 0.4418}",220.14,0.37
324,33,"{""avg_hold_time"": 0.171, ""avg_latency_time"": 0.4051}",235.28,3.06
325,33,"{""avg_hold_time"": 0.1328, ""avg_latency_time"": 0.2474}",320.9,3.24
326,33,"{""avg_hold_time"": 0.1326, ""avg_latency_time"": 0.4531}",349.89,2.34
327,33,"{""avg_hold_time"": 0.184, ""avg_latency_time"": 0.2909}",265.44,1.09
328,33,"{""avg_hold_time"": 0.1373, ""avg_latency_time"": 0.2606}",304.26,2.02
329,33,"{""avg_hold_time"": 0.1256, ""avg_latency_time"": 0.5447}",274.16,3.85
330,33,"{""avg_hold_time"": 0.1677, ""avg_latency_time"": 0.5617}",214.77,0.57
331,34,"{""avg_hold_time"": 0.1005, ""avg_latency_time"": 0.3372}",279.62,4.07
332,34,"{""avg_hold_time"": 0.196, ""avg_latency_time"": 0.5394}",196.14,2.01
333,34,"{""avg_hold_time"": 0.1858, ""avg_latency_time"": 0.4329}",267.37,3.0
334,34,"{""avg_hold_time"": 0.0951, ""avg_latency_time"": 0.2719}",348.58,1.91
335,34,"{""avg_hold_time"": 0.1386, ""avg_latency_time"": 0.2604}",238.6,2.15
336,34,"{""avg_hold_time"": 0.1028, ""avg_latency_time"": 0.4141}",251.84,4.39
337,34,"{""avg_hold_time"": 0.1012, ""avg_latency_time"": 0.2191}",191.61,2.46
338,34,"{""avg_hold_time"": 0.1107, ""avg_latency_time"": 0.2773}",310.19,1.98
339,34,"{""avg_hold_time"": 0.1942, ""avg_latency_time"": 0.2303}",220.41,1.78
340,34,"{""avg_hold_time"": 0.1071, ""avg_latency_time"": 0.4006}",229.74,0.57
341,35,"{""avg_hold_time"": 0.1164, ""avg_latency_time"": 0.3329}",216.53,0.18
342,35,"{""avg_hold_time"": 0.1096, ""avg_latency_time"": 0.2639}",217.84,4.31
343,35,"{""avg_hold_time"": 0.1697, ""avg_latency_time"": 0.2668}",227.26,2.41
344,35,"{""avg_hold_time"": 0.1034, ""avg_latency_time"": 0.4998}",309.63,2.9
345,35,"{""avg_hold_time"": 0.1967, ""avg_latency_time"": 0.5406}",309.88,1.38
346,35,"{""avg_hold_time"": 0.1807, ""avg_latency_time"": 0.2768}",189.28,2.33
347,35,"{""avg_hold_time"": 0.1796, ""avg_latency_time"": 0.2942}",307.39,1.24
348,35,"{""avg_hold_time"": 0.1679, ""avg_latency_time"": 0.2805}",345.52,4.83
349,35,"{""avg_hold_time"": 0.1729, ""avg_latency_time"": 0.5153}",347.18,3.29
350,35,"{""avg_hold_time"": 0.0806, ""avg_latency_time"": 0.2844}",278.63,3.41
351,36,"{""avg_hold_time"": 0.1918, ""avg_latency_time"": 0.5742}",240.76,4.53
352,36,"{""avg_hold_time"": 0.1376, ""avg_latency_time"": 0.5974}",327.49,3.07
353,36,"{""avg_hold_time"": 0.1451, ""avg_latency_time"": 0.3324}",328.85,2.24
354,36,"{""avg_hold_time"": 0.1159, ""avg_latency_time"": 0.383}",233.44,3.92
355,36,"{""avg_hold_time"": 0.1136, ""avg_latency_time"": 0.3752}",258.21,0.67
356,36,"{""avg_hold_time"": 0.101, ""avg_latency_time"": 0.3706}",334.12,2.64
357,36,"{""avg_hold_time"": 0.1294, ""avg_latency_time"": 0.327}",280.31,2.4
358,36,"{""avg_hold_time"": 0.1013, ""avg_latency_time"": 0.3425}",193.0,1.27
359,36,"{""avg_hold_time"": 0.1739, ""avg_latency_time"": 0.5009}",268.57,2.7
360,36,"{""avg_hold_time"": 0.1156, ""avg_latency_time"": 0.2864}",266.4,2.14
361,37,"{""avg_hold_time"": 0.1074, ""avg_latency_time"": 0.3845}",200.25,2.38
362,37,"{""avg_hold_time"": 0.1514, ""avg_latency_time"": 0.478}",288.99,4.21
363,37,"{""avg_hold_time"": 0.1638, ""avg_latency_time"": 0.4989}",184.81,1.12
364,37,"{""avg_hold_time"": 0.1743, ""avg_latency_time"": 0.4909}",279.09,4.66
365,37,"{""avg_hold_time"": 0.1357, ""avg_latency_time"": 0.3577}",329.11,1.68
366,37,"{""avg_hold_time"": 0.1323, ""avg_latency_time"": 0.4438}",288.51,2.47
367,37,"{""avg_hold_time"": 0.1102, ""avg_latency_time"": 0.4454}",271.76,2.87
368,37,"{""avg_hold_time"": 0.0874, ""avg_latency_time"": 0.4069}",240.07,1.77
369,37,"{""avg_hold_time"": 0.1112, ""avg_latency_time"": 0.5291}",322.02,2.86
370,37,"{""avg_hold_time"": 0.0949, ""avg_latency_time"": 0.3654}",234.72,0.97
371,38,"{""avg_hold_time"": 0.1261, ""avg_latency_time"": 0.5297}",343.65,0.38
372,38,"{""avg_hold_time"": 0.095, ""avg_latency_time"": 0.4736}",258.82,4.2
373,38,"{""avg_hold_time"": 0.1992, ""avg_latency_time"": 0.5762}",344.79,2.59
374,38,"{""avg_hold_time"": 0.1384, ""avg_latency_time"": 0.2329}",210.8,2.76
375,38,"{""avg_hold_time"": 0.1615, ""avg_latency_time"": 0.4901}",193.47,0.47
376,38,"{""avg_hold_time"": 0.1268, ""avg_latency_time"": 0.3903}",298.7,3.91
377,38,"{""avg_hold_time"": 0.1918, ""avg_latency_time"": 0.4018}",290.38,4.23
378,38,"{""avg_hold_time"": 0.1787, ""avg_latency_time"": 0.5549}",189.51,1.75
379,38,"{""avg_hold_time"": 0.0855, ""avg_latency_time"": 0.3844}",232.45,2.23
380,38,"{""avg_hold_time"": 0.1816, ""avg_latency_time"": 0.2756}",304.0,1.36
381,39,"{""avg_hold_time"": 0.1093, ""avg_latency_time"": 0.5686}",282.38,4.12
382,39,"{""avg_hold_time"": 0.1919, ""avg_latency_time"": 0.4734}",218.98,2.46
383,39,"{""avg_hold_time"": 0.1822, ""avg_latency_time"": 0.4895}",287.71,0.83
384,39,"{""avg_hold_time"": 0.195, ""avg_latency_time"": 0.2475}",284.06,1.83
385,39,"{""avg_hold_time"": 0.1413, ""avg_latency_time"": 0.3661}",255.88,4.01
386,39,"{""avg_hold_time"": 0.1587, ""avg_latency_time"": 0.5313}",228.08,2.21
387,39,"{""avg_hold_time"": 0.1675, ""avg_latency_time"": 0.5732}",337.83,4.89
388,39,"{""avg_hold_time"": 0.1798, ""avg_latency_time"": 0.2745}",224.11,4.86
389,39,"{""avg_hold_time"": 0.1015, ""avg_latency_time"": 0.3548}",303.15,3.28
390,39,"{""avg_hold_time"": 0.1244, ""avg_latency_time"": 0.5074}",258.87,1.36
391,40,"{""avg_hold_time"": 0.1264, ""avg_latency_time"": 0.2812}",296.43,0.63
392,40,"{""avg_hold_time"": 0.1574, ""avg_latency_time"": 0.5954}",324.96,3.88
393,40,"{""avg_hold_time"": 0.1543, ""avg_latency_time"": 0.38}",294.89,0.56
394,40,"{""avg_hold_time"": 0.1654, ""avg_latency_time"": 0.2326}",223.51,0.36
395,40,"{""avg_hold_time"": 0.1704, ""avg_latency_time"": 0.5422}",231.69,2.32
396,40,"{""avg_hold_time"": 0.1983, ""avg_latency_time"": 0.2856}",223.84,1.56
397,40,"{""avg_hold_time"": 0.0884, ""avg_latency_time"": 0.4358}",247.78,2.89
398,40,"{""avg_hold_time"": 0.179, ""avg_latency_time"": 0.597}",182.34,0.26
399,40,"{""avg_hold_time"": 0.103, ""avg_latency_time"": 0.5412}",326.83,3.74
400,40,"{""avg_hold_time"": 0.0855, ""avg_latency_time"": 0.2941}",325.47,3.91
401,41,"{""avg_hold_time"": 0.1612, ""avg_latency_time"": 0.2744}",247.5,1.23
402,41,"{""avg_hold_time"": 0.165, ""avg_latency_time"": 0.3549}",269.64,0.27
403,41,"{""avg_hold_time"": 0.1559, ""avg_latency_time"": 0.3813}",235.24,2.4
404,41,"{""avg_hold_time"": 0.1883, ""avg_latency_time"": 0.416}",339.01,1.74
405,41,"{""avg_hold_time"": 0.1469, ""avg_latency_time"": 0.385}",280.45,1.11
406,41,"{""avg_hold_time"": 0.1901, ""avg_latency_time"": 0.2863}",265.0,4.99
407,41,"{""avg_hold_time"": 0.1781, ""avg_latency_time"": 0.4322}",244.94,1.58
408,41,"{""avg_hold_time"": 0.1063, ""avg_latency_time"": 0.4054}",211.12,0.28
409,41,"{""avg_hold_time"": 0.1402, ""avg_latency_time"": 0.5272}",318.49,2.41
410,41,"{""avg_hold_time"": 0.1281, ""avg_latency_time"": 0.5682}",216.33,4.17
411,42,"{""avg_hold_time"": 0.1103, ""avg_latency_time"": 0.5144}",185.12,1.25
412,42,"{""avg_hold_time"": 0.1924, ""avg_latency_time"": 0.2827}",207.27,1.02
413,42,"{""avg_hold_time"": 0.1181, ""avg_latency_time"": 0.5881}",245.38,1.7
414,42,"{""avg_hold_time"": 0.1, ""avg_latency_time"": 0.2348}",299.63,1.72
415,42,"{""avg_hold_time"": 0.085, ""avg_latency_time"": 0.5681}",200.55,1.91
416,42,"{""avg_hold_time"": 0.1451, ""avg_latency_time"": 0.3733}",218.49,3.75
417,42,"{""avg_hold_time"": 0.1365, ""avg_latency_time"": 0.3291}",296.81,4.3
418,42,"{""avg_hold_time"": 0.1324, ""avg_latency_time"": 0.3985}",258.55,3.02
419,42,"{""avg_hold_time"": 0.1146, ""avg_latency_time"": 0.2127}",336.28,2.24
420,42,"{""avg_hold_time"": 0.1227, ""avg_latency_time"": 0.5911}",343.66,4.57
421,43,"{""avg_hold_time"": 0.1233, ""avg_latency_time"": 0.2918}",287.12,3.99
422,43,"{""avg_hold_time"": 0.1226, ""avg_latency_time"": 0.3287}",344.85,0.88
423,43,"{""avg_hold_time"": 0.1586, ""avg_latency_time"": 0.5729}",272.42,4.84
424,43,"{""avg_hold_time"": 0.1893, ""avg_latency_time"": 0.3672}",347.33,2.09
425,43,"{""avg_hold_time"": 0.1973, ""avg_latency_time"": 0.3231}",221.24,0.29
426,43,"{""avg_hold_time"": 0.1814, ""avg_latency_time"": 0.2859}",349.83,1.87
427,43,"{""avg_hold_time"": 0.0952, ""avg_latency_time"": 0.3954}",207.02,0.24
428,43,"{""avg_hold_time"": 0.1361, ""avg_latency_time"": 0.2506}",346.16,2.61
429,43,"{""avg_hold_time"": 0.1477, ""avg_latency_time"": 0.5521}",198.95,2.72
430,43,"{""avg_hold_time"": 0.14, ""avg_latency_time"": 0.561}",337.36,3.99
431,44,"{""avg_hold_time"": 0.1189, ""avg_latency_time"": 0.298}",288.5,2.06
432,44,"{""avg_hold_time"": 0.1061, ""avg_latency_time"": 0.4074}",337.41,0.43
433,44,"{""avg_hold_time"": 0.1141, ""avg_latency_time"": 0.2958}",188.22,2.02
434,44,"{""avg_hold_time"": 0.0856, ""avg_latency_time"": 0.3957}",184.92,1.46
435,44,"{""avg_hold_time"": 0.1266, ""avg_latency_time"": 0.2041}",255.51,3.1
436,44,"{""avg_hold_time"": 0.1135, ""avg_latency_time"": 0.4012}",200.01,2.33
437,44,"{""avg_hold_time"": 0.1651, ""avg_latency_time"": 0.3826}",262.61,3.34
438,44,"{""avg_hold_time"": 0.147, ""avg_latency_time"": 0.5154}",222.54,0.87
439,44,"{""avg_hold_time"": 0.1921, ""avg_latency_time"": 0.3785}",343.09,1.58
440,44,"{""avg_hold_time"": 0.1978, ""avg_latency_time"": 0.5469}",322.79,4.23
441,45,"{""avg_hold_time"": 0.0895, ""avg_latency_time"": 0.4506}",236.37,1.35
442,45,"{""avg_hold_time"": 0.1151, ""avg_latency_time"": 0.5837}",197.39,2.78
443,45,"{""avg_hold_time"": 0.0961, ""avg_latency_time"": 0.3453}",202.72,2.06
444,45,"{""avg_hold_time"": 0.1898, ""avg_latency_time"": 0.5166}",252.16,3.33
445,45,"{""avg_hold_time"": 0.1111, ""avg_latency_time"": 0.5661}",246.28,0.62
446,45,"{""avg_hold_time"": 0.1289, ""avg_latency_time"": 0.2601}",266.57,1.15
447,45,"{""avg_hold_time"": 0.1762, ""avg_latency_time"": 0.4094}",309.93,0.65
448,45,"{""avg_hold_time"": 0.1692, ""avg_latency_time"": 0.5598}",309.21,4.0
449,45,"{""avg_hold_time"": 0.1097, ""avg_latency_time"": 0.2023}",346.94,0.42
450,45,"{""avg_hold_time"": 0.1403, ""avg_latency_time"": 0.3675}",197.46,0.66
451,46,"{""avg_hold_time"": 0.1655, ""avg_latency_time"": 0.2266}",250.24,4.13
452,46,"{""avg_hold_time"": 0.0807, ""avg_latency_time"": 0.2654}",274.17,0.86
453,46,"{""avg_hold_time"": 0.1699, ""avg_latency_time"": 0.3123}",261.58,4.06
454,46,"{""avg_hold_time"": 0.1203, ""avg_latency_time"": 0.3407}",323.31,2.49
455,46,"{""avg_hold_time"": 0.0878, ""avg_latency_time"": 0.4243}",235.06,0.55
456,46,"{""avg_hold_time"": 0.1288, ""avg_latency_time"": 0.5813}",218.47,1.88
457,46,"{""avg_hold_time"": 0.1872, ""avg_latency_time"": 0.4935}",314.43,1.05
458,46,"{""avg_hold_time"": 0.1536, ""avg_latency_time"": 0.2998}",180.61,2.94
459,46,"{""avg_hold_time"": 0.0962, ""avg_latency_time"": 0.2084}",333.64,3.67
460,46,"{""avg_hold_time"": 0.1216, ""avg_latency_time"": 0.3349}",320.24,2.94
461,47,"{""avg_hold_time"": 0.1427, ""avg_latency_time"": 0.26}",180.76,0.09
462,47,"{""avg_hold_time"": 0.1562, ""avg_latency_time"": 0.2333}",265.43,4.16
463,47,"{""avg_hold_time"": 0.0802, ""avg_latency_time"": 0.3588}",261.42,4.24
464,47,"{""avg_hold_time"": 0.0846, ""avg_latency_time"": 0.3658}",326.51,0.5
465,47,"{""avg_hold_time"": 0.1748, ""avg_latency_time"": 0.4232}",323.53,4.05
466,47,"{""avg_hold_time"": 0.1168, ""avg_latency_time"": 0.3851}",291.83,1.39
467,47,"{""avg_hold_time"": 0.1816, ""avg_latency_time"": 0.3804}",286.57,0.18
468,47,"{""avg_hold_time"": 0.1202, ""avg_latency_time"": 0.3571}",345.36,3.41
469,47,"{""avg_hold_time"": 0.144, ""avg_latency_time"": 0.2281}",191.87,3.98
470,47,"{""avg_hold_time"": 0.1841, ""avg_latency_time"": 0.4845}",182.84,0.94
471,48,"{""avg_hold_time"": 0.1618, ""avg_latency_time"": 0.2788}",298.76,3.38
472,48,"{""avg_hold_time"": 0.0807, ""avg_latency_time"": 0.2374}",209.69,3.09
473,48,"{""avg_hold_time"": 0.1492, ""avg_latency_time"": 0.5981}",284.38,3.09
474,48,"{""avg_hold_time"": 0.1085, ""avg_latency_time"": 0.3167}",231.67,4.36
475,48,"{""avg_hold_time"": 0.1799, ""avg_latency_time"": 0.4362}",232.2,3.99
476,48,"{""avg_hold_time"": 0.115, ""avg_latency_time"": 0.2048}",216.28,4.74
477,48,"{""avg_hold_time"": 0.1666, ""avg_latency_time"": 0.5859}",288.66,4.5
478,48,"{""avg_hold_time"": 0.1628, ""avg_latency_time"": 0.4813}",193.87,3.6
479,48,"{""avg_hold_time"": 0.1841, ""avg_latency_time"": 0.5007}",330.86,1.98
480,48,"{""avg_hold_time"": 0.1285, ""avg_latency_time"": 0.3016}",313.51,0.24
481,49,"{""avg_hold_time"": 0.1887, ""avg_latency_time"": 0.3327}",287.71,3.18
482,49,"{""avg_hold_time"": 0.1017, ""avg_latency_time"": 0.211}",241.4,1.89
483,49,"{""avg_hold_time"": 0.1163, ""avg_latency_time"": 0.4704}",317.75,3.58
484,49,"{""avg_hold_time"": 0.182, ""avg_latency_time"": 0.5436}",290.35,3.77
485,49,"{""avg_hold_time"": 0.151, ""avg_latency_time"": 0.4419}",237.29,3.32
486,49,"{""avg_hold_time"": 0.0902, ""avg_latency_time"": 0.3777}",227.08,4.52
487,49,"{""avg_hold_time"": 0.1994, ""avg_latency_time"": 0.5143}",305.76,2.62
488,49,"{""avg_hold_time"": 0.1812, ""avg_latency_time"": 0.3999}",306.0,3.68
489,49,"{""avg_hold_time"": 0.1015, ""avg_latency_time"": 0.359}",208.96,4.29
490,49,"{""avg_hold_time"": 0.1693, ""avg_latency_time"": 0.3657}",180.83,3.69
491,50,"{""avg_hold_time"": 0.1827, ""avg_latency_time"": 0.2853}",228.57,2.08
492,50,"{""avg_hold_time"": 0.1498, ""avg_latency_time"": 0.2386}",283.68,0.52
493,50,"{""avg_hold_time"": 0.1901, ""avg_latency_time"": 0.3382}",305.97,1.37
494,50,"{""avg_hold_time"": 0.1574, ""avg_latency_time"": 0.496}",197.15,1.96
495,50,"{""avg_hold_time"": 0.118, ""avg_latency_time"": 0.2605}",297.48,2.07
496,50,"{""avg_hold_time"": 0.1641, ""avg_latency_time"": 0.3446}",349.39,2.62
497,50,"{""avg_hold_time"": 0.1029, ""avg_latency_time"": 0.4855}",222.92,0.31
498,50,"{""avg_hold_time"": 0.0942, ""avg_latency_time"": 0.3779}",214.0,3.61
499,50,"{""avg_hold_time"": 0.1896, ""avg_latency_time"": 0.4016}",304.04,1.99
500,50,"{""avg_hold_time"": 0.1548, ""avg_latency_time"": 0.3195}",293.0,2.25
501,51,"{""avg_hold_time"": 0.1162, ""avg_latency_time"": 0.3903}",264.34,1.79
502,51,"{""avg_hold_time"": 0.17, ""avg_latency_time"": 0.3144}",242.98,0.87
503,51,"{""avg_hold_time"": 0.1801, ""avg_latency_time"": 0.2348}",216.11,0.5
504,51,"{""avg_hold_time"": 0.0989, ""avg_latency_time"": 0.4877}",191.67,1.38
505,51,"{""avg_hold_time"": 0.083, ""avg_latency_time"": 0.2809}",335.97,1.22
506,51,"{""avg_hold_time"": 0.1469, ""avg_latency_time"": 0.3956}",210.32,2.99
507,51,"{""avg_hold_time"": 0.1591, ""avg_latency_time"": 0.3466}",201.53,1.1
508,51,"{""avg_hold_time"": 0.1532, ""avg_latency_time"": 0.5661}",207.46,2.94
509,51,"{""avg_hold_time"": 0.0954, ""avg_latency_time"": 0.3592}",258.48,1.61
510,51,"{""avg_hold_time"": 0.0951, ""avg_latency_time"": 0.5241}",304.01,2.48
511,52,"{""avg_hold_time"": 0.186, ""avg_latency_time"": 0.2097}",240.4,3.21
512,52,"{""avg_hold_time"": 0.0996, ""avg_latency_time"": 0.3902}",346.36,0.53
513,52,"{""avg_hold_time"": 0.1736, ""avg_latency_time"": 0.3437}",263.37,4.28
514,52,"{""avg_hold_time"": 0.1524, ""avg_latency_time"": 0.2766}",201.69,4.09
515,52,"{""avg_hold_time"": 0.0901, ""avg_latency_time"": 0.3367}",291.91,3.73
516,52,"{""avg_hold_time"": 0.1301, ""avg_latency_time"": 0.4931}",291.02,1.16
517,52,"{""avg_hold_time"": 0.0864, ""avg_latency_time"": 0.5566}",194.89,3.98
518,52,"{""avg_hold_time"": 0.1204, ""avg_latency_time"": 0.3465}",307.89,4.87
519,52,"{""avg_hold_time"": 0.0949, ""avg_latency_time"": 0.3431}",228.11,1.54
520,52,"{""avg_hold_time"": 0.1895, ""avg_latency_time"": 0.5731}",298.19,4.08
521,53,"{""avg_hold_time"": 0.1152, ""avg_latency_time"": 0.4406}",286.54,1.97
522,53,"{""avg_hold_time"": 0.1407, ""avg_latency_time"": 0.3065}",194.86,4.55
523,53,"{""avg_hold_time"": 0.1825, ""avg_latency_time"": 0.3071}",260.36,0.02
524,53,"{""avg_hold_time"": 0.1904, ""avg_latency_time"": 0.4865}",337.86,0.75
525,53,"{""avg_hold_time"": 0.0932, ""avg_latency_time"": 0.4894}",190.2,0.47
526,53,"{""avg_hold_time"": 0.1962, ""avg_latency_time"": 0.4895}",324.75,1.56
527,53,"{""avg_hold_time"": 0.1157, ""avg_latency_time"": 0.2653}",252.65,1.15
528,53,"{""avg_hold_time"": 0.1692, ""avg_latency_time"": 0.5268}",333.87,2.58
529,53,"{""avg_hold_time"": 0.131, ""avg_latency_time"": 0.3875}",273.92,1.61
530,53,"{""avg_hold_time"": 0.1372, ""avg_latency_time"": 0.2558}",315.98,3.63
531,54,"{""avg_hold_time"": 0.1966, ""avg_latency_time"": 0.4907}",272.17,2.38
532,54,"{""avg_hold_time"": 0.0993, ""avg_latency_time"": 0.4753}",286.92,2.16
533,54,"{""avg_hold_time"": 0.1351, ""avg_latency_time"": 0.4176}",221.21,0.49
534,54,"{""avg_hold_time"": 0.1219, ""avg_latency_time"": 0.5716}",305.48,3.75
535,54,"{""avg_hold_time"": 0.0921, ""avg_latency_time"": 0.2575}",289.12,2.78
536,54,"{""avg_hold_time"": 0.1169, ""avg_latency_time"": 0.2162}",326.79,4.59
537,54,"{""avg_hold_time"": 0.1194, ""avg_latency_time"": 0.5777}",328.1,0.03
538,54,"{""avg_hold_time"": 0.1443, ""avg_latency_time"": 0.4423}",222.05,2.28
539,54,"{""avg_hold_time"": 0.1402, ""avg_latency_time"": 0.4288}",341.04,3.12
540,54,"{""avg_hold_time"": 0.1982, ""avg_latency_time"": 0.5731}",246.74,0.84
541,55,"{""avg_hold_time"": 0.0832, ""avg_latency_time"": 0.4466}",184.55,4.59
542,55,"{""avg_hold_time"": 0.1195, ""avg_latency_time"": 0.2369}",238.57,1.85
543,55,"{""avg_hold_time"": 0.1957, ""avg_latency_time"": 0.5201}",183.86,1.55
544,55,"{""avg_hold_time"": 0.1971, ""avg_latency_time"": 0.4434}",312.08,0.36
545,55,"{""avg_hold_time"": 0.083, ""avg_latency_time"": 0.5605}",233.45,0.3
546,55,"{""avg_hold_time"": 0.1355, ""avg_latency_time"": 0.4539}",259.75,0.85
547,55,"{""avg_hold_time"": 0.1181, ""avg_latency_time"": 0.236}",212.06,2.65
548,55,"{""avg_hold_time"": 0.195, ""avg_latency_time"": 0.5919}",216.43,0.31
549,55,"{""avg_hold_time"": 0.1557, ""avg_latency_time"": 0.5449}",251.37,0.15
550,55,"{""avg_hold_time"": 0.0803, ""avg_latency_time"": 0.3389}",197.43,2.25
551,56,"{""avg_hold_time"": 0.1159, ""avg_latency_time"": 0.5737}",190.67,1.87
552,56,"{""avg_hold_time"": 0.0862, ""avg_latency_time"": 0.2339}",229.24,0.83
553,56,"{""avg_hold_time"": 0.1983, ""avg_latency_time"": 0.2576}",340.06,4.71
554,56,"{""avg_hold_time"": 0.1346, ""avg_latency_time"": 0.3077}",239.92,4.51
555,56,"{""avg_hold_time"": 0.1252, ""avg_latency_time"": 0.3538}",246.95,1.23
556,56,"{""avg_hold_time"": 0.1492, ""avg_latency_time"": 0.3079}",346.01,4.8
557,56,"{""avg_hold_time"": 0.0841, ""avg_latency_time"": 0.4572}",245.5,4.47
558,56,"{""avg_hold_time"": 0.1332, ""avg_latency_time"": 0.2567}",289.24,0.99
559,56,"{""avg_hold_time"": 0.1265, ""avg_latency_time"": 0.3301}",223.77,3.1
560,56,"{""avg_hold_time"": 0.1507, ""avg_latency_time"": 0.3852}",285.78,2.86
561,57,"{""avg_hold_time"": 0.115, ""avg_latency_time"": 0.2771}",326.8,0.82
562,57,"{""avg_hold_time"": 0.1286, ""avg_latency_time"": 0.5443}",199.33,4.3
563,57,"{""avg_hold_time"": 0.0935, ""avg_latency_time"": 0.3195}",246.15,4.82
564,57,"{""avg_hold_time"": 0.1236, ""avg_latency_time"": 0.4263}",335.32,1.86
565,57,"{""avg_hold_time"": 0.0885, ""avg_latency_time"": 0.2984}",267.37,3.54
566,57,"{""avg_hold_time"": 0.0843, ""avg_latency_time"": 0.4068}",290.6,2.24
567,57,"{""avg_hold_time"": 0.092, ""avg_latency_time"": 0.2479}",308.27,4.45
568,57,"{""avg_hold_time"": 0.1422, ""avg_latency_time"": 0.3635}",298.54,3.83
569,57,"{""avg_hold_time"": 0.0948, ""avg_latency_time"": 0.4321}",277.54,3.35
570,57,"{""avg_hold_time"": 0.1967, ""avg_latency_time"": 0.2128}",323.17,4.54
571,58,"{""avg_hold_time"": 0.167, ""avg_latency_time"": 0.3565}",235.45,0.76
572,58,"{""avg_hold_time"": 0.1776, ""avg_latency_time"": 0.5507}",304.66,4.43
573,58,"{""avg_hold_time"": 0.1637, ""avg_latency_time"": 0.3288}",273.28,1.22
574,58,"{""avg_hold_time"": 0.1477, ""avg_latency_time"": 0.2402}",213.73,2.92
575,58,"{""avg_hold_time"": 0.1769, ""avg_latency_time"": 0.4467}",186.04,3.74
576,58,"{""avg_hold_time"": 0.1345, ""avg_latency_time"": 0.5504}",254.08,1.51
577,58,"{""avg_hold_time"": 0.1484, ""avg_latency_time"": 0.2417}",305.92,1.59
578,58,"{""avg_hold_time"": 0.0817, ""avg_latency_time"": 0.3552}",190.45,1.84
579,58,"{""avg_hold_time"": 0.1701, ""avg_latency_time"": 0.2729}",252.55,0.49
580,58,"{""avg_hold_time"": 0.1737, ""avg_latency_time"": 0.3567}",342.27,3.98
581,59,"{""avg_hold_time"": 0.1026, ""avg_latency_time"": 0.5584}",261.79,0.09
582,59,"{""avg_hold_time"": 0.1591, ""avg_latency_time"": 0.3403}",320.71,1.89
583,59,"{""avg_hold_time"": 0.1394, ""avg_latency_time"": 0.4618}",237.18,2.96
584,59,"{""avg_hold_time"": 0.1225, ""avg_latency_time"": 0.3846}",205.81,4.94
585,59,"{""avg_hold_time"": 0.15, ""avg_latency_time"": 0.4333}",255.48,0.89
586,59,"{""avg_hold_time"": 0.1715, ""avg_latency_time"": 0.2693}",227.96,0.01
587,59,"{""avg_hold_time"": 0.1383, ""avg_latency_time"": 0.213}",322.11,2.28
588,59,"{""avg_hold_time"": 0.1056, ""avg_latency_time"": 0.3843}",194.6,0.05
589,59,"{""avg_hold_time"": 0.1844, ""avg_latency_time"": 0.5883}",319.82,1.12
590,59,"{""avg_hold_time"": 0.1311, ""avg_latency_time"": 0.5937}",229.6,4.07
591,60,"{""avg_hold_time"": 0.1118, ""avg_latency_time"": 0.5664}",326.56,4.62
592,60,"{""avg_hold_time"": 0.1797, ""avg_latency_time"": 0.3017}",254.71,2.13
593,60,"{""avg_hold_time"": 0.1989, ""avg_latency_time"": 0.283}",183.81,0.87
594,60,"{""avg_hold_time"": 0.0913, ""avg_latency_time"": 0.5809}",251.78,1.14
595,60,"{""avg_hold_time"": 0.1722, ""avg_latency_time"": 0.5478}",198.44,4.37
596,60,"{""avg_hold_time"": 0.183, ""avg_latency_time"": 0.371}",223.97,2.77
597,60,"{""avg_hold_time"": 0.1193, ""avg_latency_time"": 0.3201}",197.13,4.98
598,60,"{""avg_hold_time"": 0.1605, ""avg_latency_time"": 0.4428}",331.19,2.94
599,60,"{""avg_hold_time"": 0.1812, ""avg_latency_time"": 0.3585}",280.16,1.04
600,60,"{""avg_hold_time"": 0.1742, ""avg_latency_time"": 0.2807}",222.36,1.92
601,61,"{""avg_hold_time"": 0.1067, ""avg_latency_time"": 0.4307}",340.27,2.91
602,61,"{""avg_hold_time"": 0.1742, ""avg_latency_time"": 0.2643}",202.19,3.6
603,61,"{""avg_hold_time"": 0.0808, ""avg_latency_time"": 0.4691}",202.3,4.75
604,61,"{""avg_hold_time"": 0.1733, ""avg_latency_time"": 0.557}",311.98,2.17
605,61,"{""avg_hold_time"": 0.1873, ""avg_latency_time"": 0.5387}",237.84,2.08
606,61,"{""avg_hold_time"": 0.0946, ""avg_latency_time"": 0.3882}",253.28,2.33
607,61,"{""avg_hold_time"": 0.1803, ""avg_latency_time"": 0.3149}",235.27,1.32
608,61,"{""avg_hold_time"": 0.1686, ""avg_latency_time"": 0.381}",201.33,4.45
609,61,"{""avg_hold_time"": 0.1357, ""avg_latency_time"": 0.5184}",347.56,2.16
610,61,"{""avg_hold_time"": 0.1576, ""avg_latency_time"": 0.5283}",310.21,3.33
611,62,"{""avg_hold_time"": 0.105, ""avg_latency_time"": 0.408}",224.03,3.57
612,62,"{""avg_hold_time"": 0.1616, ""avg_latency_time"": 0.421}",316.39,0.08
613,62,"{""avg_hold_time"": 0.1274, ""avg_latency_time"": 0.5094}",216.08,3.83
614,62,"{""avg_hold_time"": 0.136, ""avg_latency_time"": 0.5236}",222.55,1.83
615,62,"{""avg_hold_time"": 0.1708, ""avg_latency_time"": 0.5215}",275.01,1.23
616,62,"{""avg_hold_time"": 0.1483, ""avg_latency_time"": 0.5638}",277.58,2.6
617,62,"{""avg_hold_time"": 0.1038, ""avg_latency_time"": 0.3502}",196.61,1.84
618,62,"{""avg_hold_time"": 0.1692, ""avg_latency_time"": 0.4142}",345.96,3.72
619,62,"{""avg_hold_time"": 0.1965, ""avg_latency_time"": 0.5726}",196.2,1.36
620,62,"{""avg_hold_time"": 0.1071, ""avg_latency_time"": 0.5207}",232.38,3.86
621,63,"{""avg_hold_time"": 0.1717, ""avg_latency_time"": 0.5515}",284.36,3.98
622,63,"{""avg_hold_time"": 0.1539, ""avg_latency_time"": 0.5176}",341.9,3.72
623,63,"{""avg_hold_time"": 0.1036, ""avg_latency_time"": 0.3231}",257.6,0.23
624,63,"{""avg_hold_time"": 0.1626, ""avg_latency_time"": 0.5574}",243.11,0.73
625,63,"{""avg_hold_time"": 0.1089, ""avg_latency_time"": 0.3626}",286.95,1.67
626,63,"{""avg_hold_time"": 0.1282, ""avg_latency_time"": 0.2662}",256.0,1.13
627,63,"{""avg_hold_time"": 0.1967, ""avg_latency_time"": 0.3714}",197.61,0.66
628,63,"{""avg_hold_time"": 0.1195, ""avg_latency_time"": 0.5892}",250.27,2.15
629,63,"{""avg_hold_time"": 0.1948, ""avg_latency_time"": 0.2783}",207.56,1.55
630,63,"{""avg_hold_time"": 0.0995, ""avg_latency_time"": 0.3664}",181.16,0.62
631,64,"{""avg_hold_time"": 0.0957, ""avg_latency_time"": 0.4159}",218.14,1.39
632,64,"{""avg_hold_time"": 0.1567, ""avg_latency_time"": 0.2973}",226.27,3.57
633,64,"{""avg_hold_time"": 0.1309, ""avg_latency_time"": 0.2371}",222.43,2.53
634,64,"{""avg_hold_time"": 0.0998, ""avg_latency_time"": 0.511}",257.12,3.66
635,64,"{""avg_hold_time"": 0.1538, ""avg_latency_time"": 0.3586}",328.4,2.54
636,64,"{""avg_hold_time"": 0.0931, ""avg_latency_time"": 0.2024}",224.92,4.95
637,64,"{""avg_hold_time"": 0.1962, ""avg_latency_time"": 0.375}",203.53,4.45
638,64,"{""avg_hold_time"": 0.1009, ""avg_latency_time"": 0.5581}",294.75,3.13
639,64,"{""avg_hold_time"": 0.1242, ""avg_latency_time"": 0.4412}",234.65,1.92
640,64,"{""avg_hold_time"": 0.1323, ""avg_latency_time"": 0.3801}",339.42,3.59
641,65,"{""avg_hold_time"": 0.1076, ""avg_latency_time"": 0.3028}",223.85,3.87
642,65,"{""avg_hold_time"": 0.1332, ""avg_latency_time"": 0.4187}",314.74,3.99
643,65,"{""avg_hold_time"": 0.0892, ""avg_latency_time"": 0.3779}",197.43,3.5
644,65,"{""avg_hold_time"": 0.1177, ""avg_latency_time"": 0.4156}",279.66,1.71
645,65,"{""avg_hold_time"": 0.1303, ""avg_latency_time"": 0.4198}",195.89,3.14
646,65,"{""avg_hold_time"": 0.1483, ""avg_latency_time"": 0.5353}",279.47,0.13
647,65,"{""avg_hold_time"": 0.1694, ""avg_latency_time"": 0.5415}",236.02,0.22
648,65,"{""avg_hold_time"": 0.1355, ""avg_latency_time"": 0.5158}",289.24,4.49
649,65,"{""avg_hold_time"": 0.1028, ""avg_latency_time"": 0.3225}",314.03,1.6
650,65,"{""avg_hold_time"": 0.0953, ""avg_latency_time"": 0.3823}",294.17,0.18
651,66,"{""avg_hold_time"": 0.1519, ""avg_latency_time"": 0.5423}",190.59,2.46
652,66,"{""avg_hold_time"": 0.1762, ""avg_latency_time"": 0.2434}",327.14,3.62
653,66,"{""avg_hold_time"": 0.0872, ""avg_latency_time"": 0.415}",335.18,0.46
654,66,"{""avg_hold_time"": 0.1045, ""avg_latency_time"": 0.2998}",258.79,3.59
655,66,"{""avg_hold_time"": 0.1104, ""avg_latency_time"": 0.357}",223.08,4.23
656,66,"{""avg_hold_time"": 0.1845, ""avg_latency_time"": 0.2488}",336.53,2.5
657,66,"{""avg_hold_time"": 0.1495, ""avg_latency_time"": 0.4808}",284.3,1.42
658,66,"{""avg_hold_time"": 0.1401, ""avg_latency_time"": 0.5084}",315.58,4.73
659,66,"{""avg_hold_time"": 0.1935, ""avg_latency_time"": 0.2318}",349.22,2.45
660,66,"{""avg_hold_time"": 0.1376, ""avg_latency_time"": 0.5787}",231.48,2.72
661,67,"{""avg_hold_time"": 0.191, ""avg_latency_time"": 0.4261}",259.5,3.22
662,67,"{""avg_hold_time"": 0.143, ""avg_latency_time"": 0.467}",314.88,1.63
663,67,"{""avg_hold_time"": 0.172, ""avg_latency_time"": 0.5783}",302.75,2.13
664,67,"{""avg_hold_time"": 0.1233, ""avg_latency_time"": 0.4234}",229.69,0.78
665,67,"{""avg_hold_time"": 0.1025, ""avg_latency_time"": 0.2492}",287.32,2.46
666,67,"{""avg_hold_time"": 0.1641, ""avg_latency_time"": 0.3059}",326.27,4.68
667,67,"{""avg_hold_time"": 0.0955, ""avg_latency_time"": 0.3766}",308.6,2.27
668,67,"{""avg_hold_time"": 0.1279, ""avg_latency_time"": 0.2574}",309.76,0.77
669,67,"{""avg_hold_time"": 0.1061, ""avg_latency_time"": 0.3292}",258.32,1.64
670,67,"{""avg_hold_time"": 0.1756, ""avg_latency_time"": 0.3866}",226.92,4.76
671,68,"{""avg_hold_time"": 0.1445, ""avg_latency_time"": 0.3232}",287.87,1.02
672,68,"{""avg_hold_time"": 0.0921, ""avg_latency_time"": 0.3819}",251.01,3.85
673,68,"{""avg_hold_time"": 0.1005, ""avg_latency_time"": 0.2059}",201.85,4.12
674,68,"{""avg_hold_time"": 0.1198, ""avg_latency_time"": 0.2245}",300.16,0.86
675,68,"{""avg_hold_time"": 0.1339, ""avg_latency_time"": 0.594}",195.84,1.76
676,68,"{""avg_hold_time"": 0.1302, ""avg_latency_time"": 0.5882}",219.95,3.45
677,68,"{""avg_hold_time"": 0.1016, ""avg_latency_time"": 0.2385}",253.88,4.92
678,68,"{""avg_hold_time"": 0.1246, ""avg_latency_time"": 0.3865}",224.24,0.28
679,68,"{""avg_hold_time"": 0.0951, ""avg_latency_time"": 0.4743}",232.38,3.58
680,68,"{""avg_hold_time"": 0.1638, ""avg_latency_time"": 0.2153}",219.22,0.62
681,69,"{""avg_hold_time"": 0.095, ""avg_latency_time"": 0.4143}",205.0,4.82
682,69,"{""avg_hold_time"": 0.1044, ""avg_latency_time"": 0.568}",255.83,4.06
683,69,"{""avg_hold_time"": 0.1534, ""avg_latency_time"": 0.589}",334.39,4.96
684,69,"{""avg_hold_time"": 0.1604, ""avg_latency_time"": 0.3254}",256.53,3.51
685,69,"{""avg_hold_time"": 0.1659, ""avg_latency_time"": 0.5118}",192.27,1.49
686,69,"{""avg_hold_time"": 0.0922, ""avg_latency_time"": 0.2655}",195.87,1.85
687,69,"{""avg_hold_time"": 0.1172, ""avg_latency_time"": 0.2854}",257.22,2.86
688,69,"{""avg_hold_time"": 0.1623, ""avg_latency_time"": 0.5342}",275.07,1.77
689,69,"{""avg_hold_time"": 0.1608, ""avg_latency_time"": 0.5938}",184.62,4.49
690,69,"{""avg_hold_time"": 0.0811, ""avg_latency_time"": 0.4767}",285.72,0.52
691,70,"{""avg_hold_time"": 0.1149, ""avg_latency_time"": 0.4081}",275.47,3.57
692,70,"{""avg_hold_time"": 0.1907, ""avg_latency_time"": 0.3605}",299.14,3.57
693,70,"{""avg_hold_time"": 0.1797, ""avg_latency_time"": 0.5285}",337.28,0.79
694,70,"{""avg_hold_time"": 0.1819, ""avg_latency_time"": 0.2608}",194.82,1.89
695,70,"{""avg_hold_time"": 0.1108, ""avg_latency_time"": 0.4246}",189.43,0.07
696,70,"{""avg_hold_time"": 0.163, ""avg_latency_time"": 0.5338}",319.19,1.31
697,70,"{""avg_hold_time"": 0.1519, ""avg_latency_time"": 0.3585}",211.74,0.19
698,70,"{""avg_hold_time"": 0.1693, ""avg_latency_time"": 0.5163}",238.56,4.0
699,70,"{""avg_hold_time"": 0.0968, ""avg_latency_time"": 0.3888}",263.63,2.12
700,70,"{""avg_hold_time"": 0.112, ""avg_latency_time"": 0.3619}",273.49,2.4
701,71,"{""avg_hold_time"": 0.1763, ""avg_latency_time"": 0.3956}",214.54,3.19
702,71,"{""avg_hold_time"": 0.1378, ""avg_latency_time"": 0.415}",263.15,2.27
703,71,"{""avg_hold_time"": 0.1551, ""avg_latency_time"": 0.3566}",229.02,1.05
704,71,"{""avg_hold_time"": 0.1173, ""avg_latency_time"": 0.5993}",265.77,3.72
705,71,"{""avg_hold_time"": 0.0962, ""avg_latency_time"": 0.4253}",260.91,4.7
706,71,"{""avg_hold_time"": 0.1603, ""avg_latency_time"": 0.4258}",194.86,2.44
707,71,"{""avg_hold_time"": 0.1489, ""avg_latency_time"": 0.4091}",321.25,0.34
708,71,"{""avg_hold_time"": 0.1944, ""avg_latency_time"": 0.5656}",339.76,2.17
709,71,"{""avg_hold_time"": 0.1218, ""avg_latency_time"": 0.3891}",230.0,0.81
710,71,"{""avg_hold_time"": 0.1881, ""avg_latency_time"": 0.3775}",189.32,2.43
711,72,"{""avg_hold_time"": 0.1888, ""avg_latency_time"": 0.4688}",226.56,4.37
712,72,"{""avg_hold_time"": 0.1977, ""avg_latency_time"": 0.5913}",227.34,2.64
713,72,"{""avg_hold_time"": 0.0964, ""avg_latency_time"": 0.3916}",289.27,3.84
714,72,"{""avg_hold_time"": 0.1775, ""avg_latency_time"": 0.4496}",211.17,4.58
715,72,"{""avg_hold_time"": 0.1178, ""avg_latency_time"": 0.5672}",239.39,4.38
716,72,"{""avg_hold_time"": 0.1014, ""avg_latency_time"": 0.2207}",269.67,0.52
717,72,"{""avg_hold_time"": 0.1602, ""avg_latency_time"": 0.4437}",208.22,2.61
718,72,"{""avg_hold_time"": 0.1504, ""avg_latency_time"": 0.2115}",343.55,0.67
719,72,"{""avg_hold_time"": 0.1278, ""avg_latency_time"": 0.4664}",214.65,4.65
720,72,"{""avg_hold_time"": 0.1967, ""avg_latency_time"": 0.2052}",271.98,0.67
721,73,"{""avg_hold_time"": 0.1923, ""avg_latency_time"": 0.2563}",192.1,4.76
722,73,"{""avg_hold_time"": 0.1677, ""avg_latency_time"": 0.2376}",319.49,4.01
723,73,"{""avg_hold_time"": 0.1684, ""avg_latency_time"": 0.2902}",207.43,3.29
724,73,"{""avg_hold_time"": 0.1747, ""avg_latency_time"": 0.4585}",300.58,4.08
725,73,"{""avg_hold_time"": 0.1437, ""avg_latency_time"": 0.3022}",313.57,1.45
726,73,"{""avg_hold_time"": 0.1592, ""avg_latency_time"": 0.5891}",257.87,1.48
727,73,"{""avg_hold_time"": 0.1532, ""avg_latency_time"": 0.4797}",280.48,2.58
728,73,"{""avg_hold_time"": 0.1891, ""avg_latency_time"": 0.3287}",275.9,3.94
729,73,"{""avg_hold_time"": 0.0843, ""avg_latency_time"": 0.3113}",327.23,2.73
730,73,"{""avg_hold_time"": 0.0952, ""avg_latency_time"": 0.53}",183.28,4.64
731,74,"{""avg_hold_time"": 0.1158, ""avg_latency_time"": 0.2509}",320.25,3.0
732,74,"{""avg_hold_time"": 0.1259, ""avg_latency_time"": 0.2739}",324.31,4.73
733,74,"{""avg_hold_time"": 0.1342, ""avg_latency_time"": 0.3034}",293.67,2.73
734,74,"{""avg_hold_time"": 0.1497, ""avg_latency_time"": 0.4933}",328.83,2.66
735,74,"{""avg_hold_time"": 0.1023, ""avg_latency_time"": 0.2536}",195.28,2.63
736,74,"{""avg_hold_time"": 0.1196, ""avg_latency_time"": 0.4667}",304.27,0.45
737,74,"{""avg_hold_time"": 0.159, ""avg_latency_time"": 0.3539}",312.76,3.95
738,74,"{""avg_hold_time"": 0.1697, ""avg_latency_time"": 0.3524}",285.48,4.51
739,74,"{""avg_hold_time"": 0.1391, ""avg_latency_time"": 0.3634}",188.16,4.0
740,74,"{""avg_hold_time"": 0.0817, ""avg_latency_time"": 0.5139}",259.65,3.92
741,75,"{""avg_hold_time"": 0.1345, ""avg_latency_time"": 0.2351}",197.26,4.48
742,75,"{""avg_hold_time"": 0.1645, ""avg_latency_time"": 0.3306}",329.84,2.46
743,75,"{""avg_hold_time"": 0.1999, ""avg_latency_time"": 0.5113}",343.45,3.74
744,75,"{""avg_hold_time"": 0.1153, ""avg_latency_time"": 0.457}",280.63,1.27
745,75,"{""avg_hold_time"": 0.1938, ""avg_latency_time"": 0.5867}",334.43,0.13
746,75,"{""avg_hold_time"": 0.1287, ""avg_latency_time"": 0.3202}",226.85,3.94
747,75,"{""avg_hold_time"": 0.1442, ""avg_latency_time"": 0.2032}",201.66,4.07
748,75,"{""avg_hold_time"": 0.184, ""avg_latency_time"": 0.2511}",194.73,0.57
749,75,"{""avg_hold_time"": 0.1403, ""avg_latency_time"": 0.3936}",227.64,4.55
750,75,"{""avg_hold_time"": 0.1246, ""avg_latency_time"": 0.2749}",285.95,4.88
751,76,"{""avg_hold_time"": 0.1073, ""avg_latency_time"": 0.4919}",322.96,1.68
752,76,"{""avg_hold_time"": 0.1133, ""avg_latency_time"": 0.2212}",264.23,0.3
753,76,"{""avg_hold_time"": 0.1369, ""avg_latency_time"": 0.5631}",265.99,2.67
754,76,"{""avg_hold_time"": 0.1225, ""avg_latency_time"": 0.49}",199.49,4.7
755,76,"{""avg_hold_time"": 0.1368, ""avg_latency_time"": 0.3167}",288.65,1.79
756,76,"{""avg_hold_time"": 0.1982, ""avg_latency_time"": 0.2516}",321.56,2.93
757,76,"{""avg_hold_time"": 0.1732, ""avg_latency_time"": 0.3602}",254.56,4.01
758,76,"{""avg_hold_time"": 0.1483, ""avg_latency_time"": 0.4115}",250.5,0.29
759,76,"{""avg_hold_time"": 0.1309, ""avg_latency_time"": 0.4187}",259.23,4.53
760,76,"{""avg_hold_time"": 0.0933, ""avg_latency_time"": 0.4414}",240.43,2.76
761,77,"{""avg_hold_time"": 0.1992, ""avg_latency_time"": 0.3597}",310.88,3.76
762,77,"{""avg_hold_time"": 0.1381, ""avg_latency_time"": 0.5859}",185.74,0.36
763,77,"{""avg_hold_time"": 0.1084, ""avg_latency_time"": 0.2218}",245.46,2.13
764,77,"{""avg_hold_time"": 0.1425, ""avg_latency_time"": 0.5967}",219.72,0.51
765,77,"{""avg_hold_time"": 0.1205, ""avg_latency_time"": 0.421}",268.34,0.78
766,77,"{""avg_hold_time"": 0.1668, ""avg_latency_time"": 0.3635}",185.0,2.92
767,77,"{""avg_hold_time"": 0.1599, ""avg_latency_time"": 0.4467}",212.11,0.07
768,77,"{""avg_hold_time"": 0.1965, ""avg_latency_time"": 0.5675}",281.8,2.05
769,77,"{""avg_hold_time"": 0.146, ""avg_latency_time"": 0.4935}",275.61,2.83
770,77,"{""avg_hold_time"": 0.1458, ""avg_latency_time"": 0.289}",312.8,4.45
771,78,"{""avg_hold_time"": 0.1442, ""avg_latency_time"": 0.2272}",240.71,1.94
772,78,"{""avg_hold_time"": 0.1253, ""avg_latency_time"": 0.3073}",290.28,4.52
773,78,"{""avg_hold_time"": 0.1512, ""avg_latency_time"": 0.2416}",266.75,3.43
774,78,"{""avg_hold_time"": 0.1882, ""avg_latency_time"": 0.451}",323.42,1.3
775,78,"{""avg_hold_time"": 0.0981, ""avg_latency_time"": 0.349}",278.88,0.99
776,78,"{""avg_hold_time"": 0.178, ""avg_latency_time"": 0.2087}",337.87,2.39
777,78,"{""avg_hold_time"": 0.1004, ""avg_latency_time"": 0.2159}",334.8,3.86
778,78,"{""avg_hold_time"": 0.1974, ""avg_latency_time"": 0.5899}",321.03,2.6
779,78,"{""avg_hold_time"": 0.1882, ""avg_latency_time"": 0.4075}",333.4,4.62
780,78,"{""avg_hold_time"": 0.1798, ""avg_latency_time"": 0.5103}",336.31,1.72
781,79,"{""avg_hold_time"": 0.1887, ""avg_latency_time"": 0.3733}",272.45,4.84
782,79,"{""avg_hold_time"": 0.1767, ""avg_latency_time"": 0.3858}",275.66,3.83
783,79,"{""avg_hold_time"": 0.1356, ""avg_latency_time"": 0.4017}",313.15,1.1
784,79,"{""avg_hold_time"": 0.1136, ""avg_latency_time"": 0.5229}",211.36,2.78
785,79,"{""avg_hold_time"": 0.0969, ""avg_latency_time"": 0.3741}",308.37,4.71
786,79,"{""avg_hold_time"": 0.1179, ""avg_latency_time"": 0.2631}",269.24,1.96
787,79,"{""avg_hold_time"": 0.1049, ""avg_latency_time"": 0.3099}",248.17,0.18
788,79,"{""avg_hold_time"": 0.1576, ""avg_latency_time"": 0.4244}",203.66,0.75
789,79,"{""avg_hold_time"": 0.1917, ""avg_latency_time"": 0.5755}",269.53,1.0
790,79,"{""avg_hold_time"": 0.1754, ""avg_latency_time"": 0.2812}",255.59,0.22
791,80,"{""avg_hold_time"": 0.1124, ""avg_latency_time"": 0.2017}",255.78,1.23
792,80,"{""avg_hold_time"": 0.143, ""avg_latency_time"": 0.2254}",317.98,4.59
793,80,"{""avg_hold_time"": 0.1363, ""avg_latency_time"": 0.2867}",246.01,4.37
794,80,"{""avg_hold_time"": 0.1535, ""avg_latency_time"": 0.5641}",238.36,3.39
795,80,"{""avg_hold_time"": 0.0922, ""avg_latency_time"": 0.5583}",334.63,0.12
796,80,"{""avg_hold_time"": 0.1587, ""avg_latency_time"": 0.5271}",207.24,1.78
797,80,"{""avg_hold_time"": 0.1605, ""avg_latency_time"": 0.2162}",199.69,1.59
798,80,"{""avg_hold_time"": 0.142, ""avg_latency_time"": 0.5879}",247.71,2.68
799,80,"{""avg_hold_time"": 0.0814, ""avg_latency_time"": 0.5818}",188.13,0.47
800,80,"{""avg_hold_time"": 0.1171, ""avg_latency_time"": 0.4451}",349.67,0.91
801,81,"{""avg_hold_time"": 0.1195, ""avg_latency_time"": 0.4178}",190.23,0.92
802,81,"{""avg_hold_time"": 0.1527, ""avg_latency_time"": 0.2597}",240.68,4.19
803,81,"{""avg_hold_time"": 0.1599, ""avg_latency_time"": 0.5251}",326.29,3.22
804,81,"{""avg_hold_time"": 0.0847, ""avg_latency_time"": 0.2752}",187.87,2.61
805,81,"{""avg_hold_time"": 0.1756, ""avg_latency_time"": 0.2634}",192.85,1.61
806,81,"{""avg_hold_time"": 0.1418, ""avg_latency_time"": 0.328}",288.85,4.72
807,81,"{""avg_hold_time"": 0.1554, ""avg_latency_time"": 0.3146}",219.18,4.14
808,81,"{""avg_hold_time"": 0.1124, ""avg_latency_time"": 0.4357}",297.57,1.54
809,81,"{""avg_hold_time"": 0.1096, ""avg_latency_time"": 0.3142}",309.38,4.97
810,81,"{""avg_hold_time"": 0.1404, ""avg_latency_time"": 0.3827}",184.89,0.51
811,82,"{""avg_hold_time"": 0.1741, ""avg_latency_time"": 0.4438}",220.68,4.15
812,82,"{""avg_hold_time"": 0.1185, ""avg_latency_time"": 0.361}",221.47,3.75
813,82,"{""avg_hold_time"": 0.1334, ""avg_latency_time"": 0.4833}",219.56,0.93
814,82,"{""avg_hold_time"": 0.1492, ""avg_latency_time"": 0.3439}",196.88,2.5
815,82,"{""avg_hold_time"": 0.1309, ""avg_latency_time"": 0.5805}",243.53,4.71
816,82,"{""avg_hold_time"": 0.104, ""avg_latency_time"": 0.5857}",283.27,2.48
817,82,"{""avg_hold_time"": 0.1877, ""avg_latency_time"": 0.3932}",220.14,1.77
818,82,"{""avg_hold_time"": 0.152, ""avg_latency_time"": 0.3897}",247.54,4.31
819,82,"{""avg_hold_time"": 0.1927, ""avg_latency_time"": 0.3756}",250.75,3.36
820,82,"{""avg_hold_time"": 0.1366, ""avg_latency_time"": 0.3277}",211.6,4.67
821,83,"{""avg_hold_time"": 0.1318, ""avg_latency_time"": 0.4103}",304.98,3.58
822,83,"{""avg_hold_time"": 0.1652, ""avg_latency_time"": 0.507}",334.62,4.63
823,83,"{""avg_hold_time"": 0.0968, ""avg_latency_time"": 0.44}",194.52,2.85
824,83,"{""avg_hold_time"": 0.1234, ""avg_latency_time"": 0.5572}",240.55,4.65
825,83,"{""avg_hold_time"": 0.1264, ""avg_latency_time"": 0.5664}",215.63,3.62
826,83,"{""avg_hold_time"": 0.1679, ""avg_latency_time"": 0.4347}",222.8,0.36
827,83,"{""avg_hold_time"": 0.1062, ""avg_latency_time"": 0.256}",193.84,0.56
828,83,"{""avg_hold_time"": 0.1986, ""avg_latency_time"": 0.2107}",253.08,3.9
829,83,"{""avg_hold_time"": 0.1676, ""avg_latency_time"": 0.4503}",192.89,1.85
830,83,"{""avg_hold_time"": 0.1394, ""avg_latency_time"": 0.4486}",264.25,0.77
831,84,"{""avg_hold_time"": 0.132, ""avg_latency_time"": 0.3889}",204.06,3.35
832,84,"{""avg_hold_time"": 0.1327, ""avg_latency_time"": 0.2399}",212.63,0.11
833,84,"{""avg_hold_time"": 0.1772, ""avg_latency_time"": 0.2979}",254.53,1.87
834,84,"{""avg_hold_time"": 0.1319, ""avg_latency_time"": 0.346}",233.83,0.41
835,84,"{""avg_hold_time"": 0.177, ""avg_latency_time"": 0.3353}",294.77,0.03
836,84,"{""avg_hold_time"": 0.1836, ""avg_latency_time"": 0.2387}",293.58,0.84
837,84,"{""avg_hold_time"": 0.1589, ""avg_latency_time"": 0.35}",265.89,2.17
838,84,"{""avg_hold_time"": 0.1112, ""avg_latency_time"": 0.3445}",258.69,1.64
839,84,"{""avg_hold_time"": 0.1136, ""avg_latency_time"": 0.244}",206.58,2.29
840,84,"{""avg_hold_time"": 0.1001, ""avg_latency_time"": 0.3001}",308.55,4.39
841,85,"{""avg_hold_time"": 0.1446, ""avg_latency_time"": 0.4338}",349.97,1.0
842,85,"{""avg_hold_time"": 0.1464, ""avg_latency_time"": 0.3748}",192.5,1.03
843,85,"{""avg_hold_time"": 0.1999, ""avg_latency_time"": 0.4939}",215.58,2.19
844,85,"{""avg_hold_time"": 0.1636, ""avg_latency_time"": 0.4014}",346.06,3.35
845,85,"{""avg_hold_time"": 0.1998, ""avg_latency_time"": 0.3426}",234.11,0.92
846,85,"{""avg_hold_time"": 0.1749, ""avg_latency_time"": 0.42}",301.69,3.9
847,85,"{""avg_hold_time"": 0.139, ""avg_latency_time"": 0.4052}",321.35,2.92
848,85,"{""avg_hold_time"": 0.1131, ""avg_latency_time"": 0.3409}",195.5,3.7
849,85,"{""avg_hold_time"": 0.1362, ""avg_latency_time"": 0.5546}",348.29,0.48
850,85,"{""avg_hold_time"": 0.1474, ""avg_latency_time"": 0.4199}",253.69,2.76
851,86,"{""avg_hold_time"": 0.1629, ""avg_latency_time"": 0.3293}",305.48,1.12
852,86,"{""avg_hold_time"": 0.1538, ""avg_latency_time"": 0.2874}",280.67,0.83
853,86,"{""avg_hold_time"": 0.128, ""avg_latency_time"": 0.4064}",204.57,1.84
854,86,"{""avg_hold_time"": 0.1423, ""avg_latency_time"": 0.3744}",227.99,3.49
855,86,"{""avg_hold_time"": 0.1876, ""avg_latency_time"": 0.4698}",277.68,3.37
856,86,"{""avg_hold_time"": 0.1872, ""avg_latency_time"": 0.444}",309.83,1.44
857,86,"{""avg_hold_time"": 0.15, ""avg_latency_time"": 0.5436}",185.82,4.49
858,86,"{""avg_hold_time"": 0.1078, ""avg_latency_time"": 0.5851}",315.54,0.49
859,86,"{""avg_hold_time"": 0.1308, ""avg_latency_time"": 0.5459}",313.69,4.84
860,86,"{""avg_hold_time"": 0.1347, ""avg_latency_time"": 0.4746}",336.96,2.52
861,87,"{""avg_hold_time"": 0.1537, ""avg_latency_time"": 0.3988}",212.69,0.14
862,87,"{""avg_hold_time"": 0.111, ""avg_latency_time"": 0.5111}",339.0,4.74
863,87,"{""avg_hold_time"": 0.1031, ""avg_latency_time"": 0.3238}",210.64,2.13
864,87,"{""avg_hold_time"": 0.1779, ""avg_latency_time"": 0.5478}",255.07,0.06
865,87,"{""avg_hold_time"": 0.106, ""avg_latency_time"": 0.2431}",324.09,4.27
866,87,"{""avg_hold_time"": 0.1371, ""avg_latency_time"": 0.4742}",276.04,2.57
867,87,"{""avg_hold_time"": 0.1266, ""avg_latency_time"": 0.2243}",211.27,2.57
868,87,"{""avg_hold_time"": 0.1855, ""avg_latency_time"": 0.3839}",312.66,4.77
869,87,"{""avg_hold_time"": 0.1817, ""avg_latency_time"": 0.5404}",248.32,0.94
870,87,"{""avg_hold_time"": 0.1251, ""avg_latency_time"": 0.5739}",295.96,3.53
871,88,"{""avg_hold_time"": 0.0946, ""avg_latency_time"": 0.4236}",255.45,4.32
872,88,"{""avg_hold_time"": 0.166, ""avg_latency_time"": 0.5505}",249.05,3.28
873,88,"{""avg_hold_time"": 0.1634, ""avg_latency_time"": 0.5246}",188.62,2.64
874,88,"{""avg_hold_time"": 0.1791, ""avg_latency_time"": 0.2391}",244.69,0.32
875,88,"{""avg_hold_time"": 0.1718, ""avg_latency_time"": 0.2812}",295.75,1.62
876,88,"{""avg_hold_time"": 0.106, ""avg_latency_time"": 0.3019}",340.85,2.59
877,88,"{""avg_hold_time"": 0.161, ""avg_latency_time"": 0.434}",228.3,3.41
878,88,"{""avg_hold_time"": 0.1426, ""avg_latency_time"": 0.5888}",210.23,0.26
879,88,"{""avg_hold_time"": 0.17, ""avg_latency_time"": 0.4714}",185.23,4.44
880,88,"{""avg_hold_time"": 0.0843, ""avg_latency_time"": 0.5104}",234.09,0.54
881,89,"{""avg_hold_time"": 0.1469, ""avg_latency_time"": 0.4581}",346.79,1.65
882,89,"{""avg_hold_time"": 0.182, ""avg_latency_time"": 0.414}",275.32,0.45
883,89,"{""avg_hold_time"": 0.1907, ""avg_latency_time"": 0.418}",255.42,1.24
884,89,"{""avg_hold_time"": 0.1142, ""avg_latency_time"": 0.2573}",326.3,3.9
885,89,"{""avg_hold_time"": 0.1961, ""avg_latency_time"": 0.2072}",242.45,2.19
886,89,"{""avg_hold_time"": 0.1299, ""avg_latency_time"": 0.2651}",242.3,0.2
887,89,"{""avg_hold_time"": 0.1547, ""avg_latency_time"": 0.2666}",301.62,2.89
888,89,"{""avg_hold_time"": 0.141, ""avg_latency_time"": 0.5875}",264.73,1.26
889,89,"{""avg_hold_time"": 0.0801, ""avg_latency_time"": 0.3513}",268.91,2.86
890,89,"{""avg_hold_time"": 0.1326, ""avg_latency_time"": 0.5445}",188.4,3.91
891,90,"{""avg_hold_time"": 0.1503, ""avg_latency_time"": 0.2802}",320.03,1.5
892,90,"{""avg_hold_time"": 0.1817, ""avg_latency_time"": 0.5526}",188.85,2.65
893,90,"{""avg_hold_time"": 0.1464, ""avg_latency_time"": 0.3314}",262.89,2.35
894,90,"{""avg_hold_time"": 0.0985, ""avg_latency_time"": 0.311}",301.74,4.63
895,90,"{""avg_hold_time"": 0.1622, ""avg_latency_time"": 0.4327}",180.94,2.74
896,90,"{""avg_hold_time"": 0.1536, ""avg_latency_time"": 0.5777}",242.72,2.97
897,90,"{""avg_hold_time"": 0.085, ""avg_latency_time"": 0.4719}",207.07,3.6
898,90,"{""avg_hold_time"": 0.1645, ""avg_latency_time"": 0.2554}",209.07,4.77
899,90,"{""avg_hold_time"": 0.0821, ""avg_latency_time"": 0.3366}",234.14,0.34
900,90,"{""avg_hold_time"": 0.1998, ""avg_latency_time"": 0.4229}",300.99,1.2
901,91,"{""avg_hold_time"": 0.1216, ""avg_latency_time"": 0.2593}",182.86,1.72
902,91,"{""avg_hold_time"": 0.1136, ""avg_latency_time"": 0.5819}",248.43,2.11
903,91,"{""avg_hold_time"": 0.0858, ""avg_latency_time"": 0.5316}",333.84,1.4
904,91,"{""avg_hold_time"": 0.1695, ""avg_latency_time"": 0.3261}",296.9,1.32
905,91,"{""avg_hold_time"": 0.1103, ""avg_latency_time"": 0.3613}",200.6,3.17
906,91,"{""avg_hold_time"": 0.1586, ""avg_latency_time"": 0.2301}",299.0,2.91
907,91,"{""avg_hold_time"": 0.0818, ""avg_latency_time"": 0.5931}",248.47,0.02
908,91,"{""avg_hold_time"": 0.1602, ""avg_latency_time"": 0.5013}",330.04,1.2
909,91,"{""avg_hold_time"": 0.199, ""avg_latency_time"": 0.5124}",342.39,2.63
910,91,"{""avg_hold_time"": 0.0853, ""avg_latency_time"": 0.2987}",292.88,1.87
911,92,"{""avg_hold_time"": 0.1057, ""avg_latency_time"": 0.3005}",342.93,1.42
912,92,"{""avg_hold_time"": 0.174, ""avg_latency_time"": 0.2643}",204.32,2.8
913,92,"{""avg_hold_time"": 0.0978, ""avg_latency_time"": 0.5808}",228.92,0.73
914,92,"{""avg_hold_time"": 0.1069, ""avg_latency_time"": 0.4472}",285.96,4.57
915,92,"{""avg_hold_time"": 0.1834, ""avg_latency_time"": 0.5348}",314.29,1.07
916,92,"{""avg_hold_time"": 0.1269, ""avg_latency_time"": 0.2765}",337.27,1.01
917,92,"{""avg_hold_time"": 0.1731, ""avg_latency_time"": 0.5285}",205.13,3.08
918,92,"{""avg_hold_time"": 0.1687, ""avg_latency_time"": 0.3205}",284.46,2.35
919,92,"{""avg_hold_time"": 0.1952, ""avg_latency_time"": 0.4312}",295.72,2.19
920,92,"{""avg_hold_time"": 0.1154, ""avg_latency_time"": 0.2803}",311.79,4.68
921,93,"{""avg_hold_time"": 0.1693, ""avg_latency_time"": 0.3473}",313.46,2.13
922,93,"{""avg_hold_time"": 0.0851, ""avg_latency_time"": 0.5732}",183.07,1.85
923,93,"{""avg_hold_time"": 0.1543, ""avg_latency_time"": 0.4341}",328.92,0.08
924,93,"{""avg_hold_time"": 0.1588, ""avg_latency_time"": 0.2161}",307.36,3.2
925,93,"{""avg_hold_time"": 0.0944, ""avg_latency_time"": 0.4722}",289.28,3.44
926,93,"{""avg_hold_time"": 0.0907, ""avg_latency_time"": 0.2654}",288.3,1.5
927,93,"{""avg_hold_time"": 0.1319, ""avg_latency_time"": 0.5436}",327.2,2.84
928,93,"{""avg_hold_time"": 0.19, ""avg_latency_time"": 0.5103}",191.21,0.97
929,93,"{""avg_hold_time"": 0.1846, ""avg_latency_time"": 0.3971}",292.11,3.37
930,93,"{""avg_hold_time"": 0.0865, ""avg_latency_time"": 0.2419}",281.13,4.17
931,94,"{""avg_hold_time"": 0.0818, ""avg_latency_time"": 0.2526}",277.76,4.75
932,94,"{""avg_hold_time"": 0.1366, ""avg_latency_time"": 0.4372}",225.13,4.15
933,94,"{""avg_hold_time"": 0.0853, ""avg_latency_time"": 0.2607}",349.4,1.13
934,94,"{""avg_hold_time"": 0.1332, ""avg_latency_time"": 0.3806}",184.66,0.99
935,94,"{""avg_hold_time"": 0.1389, ""avg_latency_time"": 0.3258}",283.36,2.96
936,94,"{""avg_hold_time"": 0.1745, ""avg_latency_time"": 0.3319}",314.91,1.59
937,94,"{""avg_hold_time"": 0.093, ""avg_latency_time"": 0.5346}",275.8,3.19
938,94,"{""avg_hold_time"": 0.1029, ""avg_latency_time"": 0.5065}",326.59,4.36
939,94,"{""avg_hold_time"": 0.0855, ""avg_latency_time"": 0.5313}",300.37,3.95
940,94,"{""avg_hold_time"": 0.144, ""avg_latency_time"": 0.5749}",295.1,2.64
941,95,"{""avg_hold_time"": 0.088, ""avg_latency_time"": 0.4347}",346.49,3.77
942,95,"{""avg_hold_time"": 0.1875, ""avg_latency_time"": 0.3484}",201.2,1.84
943,95,"{""avg_hold_time"": 0.0997, ""avg_latency_time"": 0.2161}",306.58,3.43
944,95,"{""avg_hold_time"": 0.1582, ""avg_latency_time"": 0.206}",222.95,3.34
945,95,"{""avg_hold_time"": 0.1244, ""avg_latency_time"": 0.3555}",308.26,4.2
946,95,"{""avg_hold_time"": 0.1056, ""avg_latency_time"": 0.3903}",341.88,4.99
947,95,"{""avg_hold_time"": 0.1161, ""avg_latency_time"": 0.4738}",312.77,1.53
948,95,"{""avg_hold_time"": 0.0954, ""avg_latency_time"": 0.5656}",191.09,3.3
949,95,"{""avg_hold_time"": 0.0973, ""avg_latency_time"": 0.204}",225.45,2.22
950,95,"{""avg_hold_time"": 0.138, ""avg_latency_time"": 0.2351}",300.08,2.52
951,96,"{""avg_hold_time"": 0.1629, ""avg_latency_time"": 0.4784}",215.93,3.24
952,96,"{""avg_hold_time"": 0.1833, ""avg_latency_time"": 0.5256}",301.01,3.84
953,96,"{""avg_hold_time"": 0.0901, ""avg_latency_time"": 0.5192}",225.1,2.19
954,96,"{""avg_hold_time"": 0.1677, ""avg_latency_time"": 0.3341}",217.7,2.88
955,96,"{""avg_hold_time"": 0.1914, ""avg_latency_time"": 0.4298}",269.16,1.03
956,96,"{""avg_hold_time"": 0.1646, ""avg_latency_time"": 0.2933}",182.98,2.25
957,96,"{""avg_hold_time"": 0.181, ""avg_latency_time"": 0.2729}",234.92,0.82
958,96,"{""avg_hold_time"": 0.1768, ""avg_latency_time"": 0.3401}",203.89,4.07
959,96,"{""avg_hold_time"": 0.108, ""avg_latency_time"": 0.476}",186.25,3.13
960,96,"{""avg_hold_time"": 0.1913, ""avg_latency_time"": 0.276}",266.37,1.43
961,97,"{""avg_hold_time"": 0.1414, ""avg_latency_time"": 0.2753}",336.94,4.67
962,97,"{""avg_hold_time"": 0.143, ""avg_latency_time"": 0.5558}",293.28,4.4
963,97,"{""avg_hold_time"": 0.1404, ""avg_latency_time"": 0.4979}",226.64,2.45
964,97,"{""avg_hold_time"": 0.1814, ""avg_latency_time"": 0.3353}",247.07,2.02
965,97,"{""avg_hold_time"": 0.0805, ""avg_latency_time"": 0.3194}",242.33,2.08
966,97,"{""avg_hold_time"": 0.1976, ""avg_latency_time"": 0.4788}",235.29,0.4
967,97,"{""avg_hold_time"": 0.1828, ""avg_latency_time"": 0.4415}",273.6,0.59
968,97,"{""avg_hold_time"": 0.1056, ""avg_latency_time"": 0.5512}",217.04,2.71
969,97,"{""avg_hold_time"": 0.1925, ""avg_latency_time"": 0.3037}",299.91,2.67
970,97,"{""avg_hold_time"": 0.1588, ""avg_latency_time"": 0.4254}",265.61,0.28
971,98,"{""avg_hold_time"": 0.1045, ""avg_latency_time"": 0.2066}",226.76,4.25
972,98,"{""avg_hold_time"": 0.142, ""avg_latency_time"": 0.3879}",217.86,1.02
973,98,"{""avg_hold_time"": 0.0962, ""avg_latency_time"": 0.3581}",189.52,3.95
974,98,"{""avg_hold_time"": 0.1561, ""avg_latency_time"": 0.2565}",333.28,0.58
975,98,"{""avg_hold_time"": 0.1345, ""avg_latency_time"": 0.4414}",262.43,4.1
976,98,"{""avg_hold_time"": 0.0976, ""avg_latency_time"": 0.5144}",259.03,3.04
977,98,"{""avg_hold_time"": 0.0843, ""avg_latency_time"": 0.5821}",291.19,1.21
978,98,"{""avg_hold_time"": 0.1672, ""avg_latency_time"": 0.4595}",212.34,4.17
979,98,"{""avg_hold_time"": 0.1637, ""avg_latency_time"": 0.3453}",263.83,0.37
980,98,"{""avg_hold_time"": 0.1812, ""avg_latency_time"": 0.378}",259.42,1.36
981,99,"{""avg_hold_time"": 0.1599, ""avg_latency_time"": 0.4678}",265.45,3.52
982,99,"{""avg_hold_time"": 0.0918, ""avg_latency_time"": 0.241}",187.58,0.46
983,99,"{""avg_hold_time"": 0.0891, ""avg_latency_time"": 0.5999}",229.83,0.33
984,99,"{""avg_hold_time"": 0.0873, ""avg_latency_time"": 0.2597}",212.87,1.66
985,99,"{""avg_hold_time"": 0.0897, ""avg_latency_time"": 0.3728}",237.57,0.06
986,99,"{""avg_hold_time"": 0.1257, ""avg_latency_time"": 0.4887}",204.08,0.79
987,99,"{""avg_hold_time"": 0.154, ""avg_latency_time"": 0.5807}",332.22,2.65
988,99,"{""avg_hold_time"": 0.1091, ""avg_latency_time"": 0.5566}",190.36,3.0
989,99,"{""avg_hold_time"": 0.1311, ""avg_latency_time"": 0.2044}",208.02,0.32
990,99,"{""avg_hold_time"": 0.1128, ""avg_latency_time"": 0.2133}",348.05,1.89
991,100,"{""avg_hold_time"": 0.1492, ""avg_latency_time"": 0.2772}",266.13,4.19
992,100,"{""avg_hold_time"": 0.153, ""avg_latency_time"": 0.4942}",213.06,0.9
993,100,"{""avg_hold_time"": 0.1728, ""avg_latency_time"": 0.2915}",340.05,1.2
994,100,"{""avg_hold_time"": 0.1525, ""avg_latency_time"": 0.5532}",335.82,3.86
995,100,"{""avg_hold_time"": 0.1352, ""avg_latency_time"": 0.4677}",332.34,2.02
996,100,"{""avg_hold_time"": 0.0918, ""avg_latency_time"": 0.5829}",284.44,4.45
997,100,"{""avg_hold_time"": 0.1355, ""avg_latency_time"": 0.5487}",261.95,0.21
998,100,"{""avg_hold_time"": 0.1699, ""avg_latency_time"": 0.274}",196.34,0.13
999,100,"{""avg_hold_time"": 0.1974, ""avg_latency_time"": 0.4342}",227.24,0.87
1000,100,"{""avg_hold_time"": 0.1794, ""avg_latency_time"": 0.2626}",242.21,4.51
