user_id,name,email,password_hash,age,gender
1,User1,user1@email.com,hash_pwd_1,35,Male
2,User2,user2@email.com,hash_pwd_2,18,Other
3,User3,user3@email.com,hash_pwd_3,27,Female
4,User4,user4@email.com,hash_pwd_4,29,Other
5,User5,user5@email.com,hash_pwd_5,33,Female
6,User6,user6@email.com,hash_pwd_6,36,Male
7,User7,user7@email.com,hash_pwd_7,40,Male
8,User8,user8@email.com,hash_pwd_8,26,Male
9,User9,user9@email.com,hash_pwd_9,38,Female
10,User10,user10@email.com,hash_pwd_10,30,Other
11,User11,user11@email.com,hash_pwd_11,33,Female
12,User12,user12@email.com,hash_pwd_12,33,Male
13,User13,user13@email.com,hash_pwd_13,36,Male
14,User14,user14@email.com,hash_pwd_14,20,Male
15,User15,user15@email.com,hash_pwd_15,26,Other
16,User16,user16@email.com,hash_pwd_16,28,Other
17,User17,user17@email.com,hash_pwd_17,40,Other
18,User18,user18@email.com,hash_pwd_18,22,Male
19,User19,user19@email.com,hash_pwd_19,39,Female
20,User20,user20@email.com,hash_pwd_20,21,Male
